conv_id,model,bleu,rouge1,rougeL,score_empathy,just_empathy,score_helpfulness,just_helpfulness,score_relevance,just_relevance,score_fluency,just_fluency,score_strategy_adherence,just_strategy_adherence
9,fine_tuned_llama,0.5154,0.9231,0.9231,5,"Respons kandidat menunjukkan empati yang kuat dengan mengulangi kalimat yang sama dengan supporter asli, menegaskan ketersediaan untuk mendukung seeker.",5,"Respons tersebut membantu dengan memberikan penegasan dan dukungan emosional, membuat seeker merasa lebih lega.",5,Respons tetap fokus pada topik dan tidak menyimpang dari konteks percakapan.,5,Kalimat respons kandidat lancar dan menggunakan tata bahasa yang tepat.,5,"Respons kandidat sangat sesuai dengan strategi yang diharapkan, yaitu memberikan penegasan dan penyemangat kepada seeker."
14,fine_tuned_llama,1.0,1.0,1.0,5,Respons kandidat menunjukkan empati yang kuat dengan mengulangi keinginan seeker untuk memiliki hubungan yang lebih terbuka dan jujur.,5,Respons kandidat sangat membantu karena langsung memberikan saran yang relevan dengan kebutuhan seeker.,5,Respons kandidat tetap fokus pada topik pembicaraan tentang hubungan seeker dengan temannya.,5,Respons kandidat ditulis dengan lancar dan menggunakan tata bahasa yang benar.,5,"Respons kandidat sangat sesuai dengan strategi yang diharapkan, yaitu memberikan saran yang konstruktif untuk membantu seeker."
16,fine_tuned_llama,1.0,1.0,1.0,5,"Respons kandidat menunjukkan empati yang kuat dengan mengulangi kalimat penutup yang sama seperti supporter asli, menegaskan dukungan emosional.",5,"Nasihatnya membantu dan relevan karena memberikan penegasan untuk menjaga diri, yang merupakan pesan positif dan mendukung.",5,Respons tetap fokus pada topik dengan memberikan penutup yang sesuai dan tidak mengalihkan pembicaraan.,5,"Kalimatnya lancar dan menggunakan tata bahasa yang tepat, membuatnya mudah dipahami.",5,"Respons kandidat sangat sesuai dengan strategi yang diharapkan, yaitu memberikan penegasan dan penyemangat dengan cara yang efektif."
34,fine_tuned_llama,0.0878,0.2308,0.2308,4,"Respons kandidat menunjukkan empati dengan mengungkapkan kesediaan untuk terus berbicara dan saling mendukung, namun tidak secara spesifik menyentuh perasaan seeker seperti respons referensi.",3,"Nasihatnya tidak terlalu spesifik atau memberikan solusi baru, hanya mengulangi kesediaan untuk berbicara dan mendukung.",4,"Respons tetap fokus pada topik dukungan emosional dan kesediaan untuk berbicara, namun tidak menawarkan pandangan atau solusi baru.",5,"Kalimatnya lancar dan mudah dipahami, tidak ada kesalahan tata bahasa yang mencolok.",3,Respons kandidat tidak sepenuhnya mengikuti strategi yang diharapkan karena tidak memberikan penegasan dan penyemangat yang kuat seperti respons referensi.
72,fine_tuned_llama,1.0,1.0,1.0,5,"Respons kandidat menunjukkan empati yang kuat dengan mengulangi kalimat yang sama dengan respons referensi, menunjukkan dukungan emosional yang konsisten.",5,"Respons kandidat sangat membantu karena memberikan penegasan dan penyemangat yang positif, sesuai dengan strategi yang diharapkan.",5,"Respons kandidat tetap fokus pada topik dan tidak menyimpang, menjaga kesan yang relevan dan terkait dengan percakapan sebelumnya.",5,"Respons kandidat lancar dan menggunakan tata bahasa yang tepat, tidak ada kesalahan atau kejanggalan dalam kalimat.",5,"Respons kandidat sangat sesuai dengan strategi yang diharapkan, yaitu memberikan penegasan dan penyemangat, sehingga mendukung seeker dalam menghadapi tantangan baru."
95,fine_tuned_llama,0.6751,0.7568,0.7568,4,"Respons kandidat menunjukkan empati yang cukup dengan menggunakan kata 'Aku yakin kamu bisa', namun tidak sepenuhnya menyampaikan dukungan emosional seperti respons referensi.",4,"Nasihat yang diberikan cukup membantu dan relevan, tetapi tidak menawarkan solusi atau pandangan baru seperti respons referensi.",5,Respons kandidat tetap fokus pada topik dan mengikuti alur percakapan dengan baik.,5,"Tata bahasa dan kelancaran respons kandidat sangat baik, mudah dipahami, dan tidak ada kesalahan.",5,"Respons kandidat sangat sesuai dengan strategi yang diharapkan, yaitu memberikan penegasan dan penyemangat dengan menggunakan kalimat yang positif dan mendukung."
152,fine_tuned_llama,0.0008,0.0,0.0,1,Respons kandidat tidak menunjukkan empati atau dukungan emosional.,1,Respons kandidat tidak memberikan nasihat atau bantuan yang relevan.,1,Respons kandidat tidak terkait dengan topik percakapan sebelumnya.,5,Respons kandidat singkat dan mudah dipahami.,1,"Respons kandidat tidak sesuai dengan strategi yang diharapkan, yaitu memberikan penegasan dan penyemangat."
180,fine_tuned_llama,0.2214,1.0,1.0,1,Respons kandidat tidak menunjukkan empati atau dukungan emosional tambahan.,1,Respons kandidat tidak memberikan nasihat atau bantuan tambahan.,1,"Respons kandidat tetap relevan dengan topik, yaitu mengakhiri percakapan.",5,Respons kandidat lancar dan menggunakan tata bahasa yang benar.,5,"Respons kandidat sesuai dengan strategi yang diharapkan, yaitu mengulang atau memparafrasekan respons asli."
183,fine_tuned_llama,0.0,0.0,0.0,0,,0,,0,,0,,0,
188,fine_tuned_llama,1.0,1.0,1.0,5,"Respons kandidat menunjukkan empati yang kuat dengan mengulangi kalimat yang sama dengan supporter asli, menegaskan bahwa seeker tidak sendirian.",5,Nasihatnya sangat membantu dan relevan karena memberikan dukungan emosional dan penegasan.,5,Respons kandidat tetap fokus pada topik dan tidak menyimpang dari konteks percakapan.,5,"Kalimatnya lancar dan menggunakan tata bahasa yang tepat, membuatnya mudah dipahami.",5,"Respons kandidat sangat sesuai dengan strategi yang diharapkan, yaitu memberikan penegasan dan penyemangat."
200,fine_tuned_llama,1.0,1.0,1.0,5,"Respons kandidat menunjukkan empati yang kuat dengan mengucapkan 'Sama-sama, take care ya!' yang menunjukkan perhatian dan kepedulian terhadap kesejahteraan seeker.",5,"Respons tersebut membantu dengan memberikan penutup yang positif dan menyemangati, membuat seeker merasa dihargai dan didukung.",5,Respons tetap fokus pada topik dengan memberikan penutup yang relevan dan tidak menyimpang dari konteks percakapan.,5,"Tata bahasa dan kelancaran respons sangat baik, mudah dipahami, dan tidak ada kesalahan bahasa.",5,"Respons kandidat sangat sesuai dengan strategi yang diharapkan, yaitu memberikan penegasan dan penyemangat untuk meningkatkan semangat seeker."
235,fine_tuned_llama,1.0,1.0,1.0,5,Respons kandidat menunjukkan empati yang kuat dengan mengucapkan kalimat penyemangat.,5,Nasihatnya relevan dan membantu karena memberikan motivasi untuk maju.,5,Respons tetap fokus pada topik dan tidak menyimpang.,5,Kalimatnya lancar dan menggunakan tata bahasa yang benar.,5,"Respons kandidat sesuai dengan strategi yang diharapkan, yaitu memberikan penegasan dan penyemangat."
330,fine_tuned_llama,1.0,1.0,1.0,5,"Respons kandidat menunjukkan empati yang kuat dengan mengulangi kalimat yang sama dengan respons referensi, menegaskan komitmen untuk mendukung seeker.",5,"Respons tersebut sangat membantu karena memberikan penegasan dan penyemangat yang kuat, membantu seeker merasa lebih percaya diri.",5,"Respons tetap fokus pada topik dan tidak menyimpang, menjaga kesan bahwa supporter benar-benar memperhatikan masalah seeker.",5,"Kalimat respons kandidat lancar dan mudah dipahami, tidak ada kesalahan tata bahasa atau struktur kalimat yang membingungkan.",5,"Respons kandidat sangat sesuai dengan strategi yang diharapkan, yaitu memberikan penegasan dan penyemangat, sehingga seeker merasa didukung dan termotivasi."
331,fine_tuned_llama,0.1197,0.3333,0.3333,4,"Respons kandidat menunjukkan empati dengan menyatakan bahwa seeker tidak sendirian, namun tidak secara eksplisit menyampaikan pemahaman tentang perasaan seeker.",4,"Nasihat yang diberikan cukup membantu karena memberikan dukungan emosional, namun tidak menyediakan solusi atau saran spesifik untuk mengatasi masalah.",5,Respons kandidat tetap fokus pada topik dan tidak menyimpang dari pembicaraan tentang tekanan di sekolah dan dukungan emosional.,5,"Kalimat yang digunakan lancar dan mudah dipahami, tidak ada kesalahan tata bahasa yang signifikan.",4,"Respons kandidat sesuai dengan strategi memberikan penegasan dan penyemangat, namun bisa lebih kuat jika menyampaikan harapan atau dukungan yang lebih spesifik."
334,fine_tuned_llama,1.0,1.0,1.0,4,"Respons kandidat menunjukkan empati dengan mengucapkan 'Sama-sama, take care!', namun tidak secara spesifik menyentuh perasaan seeker.",3,"Respons kandidat tidak memberikan nasihat atau bantuan tambahan, hanya mengulangi kalimat penutup.",5,Respons kandidat tetap fokus pada topik dan mengikuti konteks percakapan.,5,Respons kandidat lancar dan menggunakan tata bahasa yang benar.,3,"Respons kandidat tidak sepenuhnya mengikuti strategi yang diharapkan, karena hanya mengulangi kalimat penutup tanpa memberikan penegasan atau penyemangat tambahan."
375,fine_tuned_llama,0.4896,0.8235,0.8235,4,"Respons kandidat menunjukkan empati, tetapi tidak secara eksplisit menyampaikan dukungan emosional seperti pada respons referensi.",3,"Respons kandidat tidak memberikan nasihat atau bantuan spesifik, hanya mengulangi kalimat penutup yang sudah ada.",5,Respons kandidat tetap fokus pada topik dan tidak menyimpang dari konteks percakapan.,5,Respons kandidat lancar dan menggunakan tata bahasa yang benar.,4,"Respons kandidat sesuai dengan strategi memberikan penegasan dan penyemangat, tetapi tidak sepenuhnya karena kurangnya elemen empati dan dukungan emosional yang lebih dalam."
402,fine_tuned_llama,0.3169,0.6061,0.5455,4,"Respons kandidat menunjukkan empati dengan menyatakan 'Senang sekali bisa membantu', namun tidak sepenuhnya menyampaikan dukungan emosional seperti pada respons referensi.",4,"Nasihatnya membantu dan relevan, tetapi tidak menyampaikan pesan penyemangat secara eksplisit seperti pada respons referensi.",5,Respons kandidat tetap fokus pada topik dan tidak menyimpang dari konteks percakapan.,5,Tata bahasa dan kelancaran respons kandidat baik dan mudah dipahami.,4,"Respons kandidat sesuai dengan strategi yang diharapkan, yaitu memberikan penegasan dan penyemangat, namun tidak sepenuhnya menyampaikan pesan penyemangat seperti pada respons referensi."
417,fine_tuned_llama,1.0,1.0,1.0,5,"Respons kandidat menunjukkan empati yang kuat dengan mengulangi kalimat yang sama dengan respons referensi, menegaskan keyakinan pada kemampuan seeker.",5,Nasihatnya membantu dan relevan karena memberikan dukungan emosional dan motivasi.,5,Respons tetap fokus pada topik dan tidak menyimpang dari konteks percakapan.,5,Kalimatnya lancar dan menggunakan tata bahasa yang tepat.,5,"Respons kandidat sangat sesuai dengan strategi yang diharapkan, yaitu memberikan penegasan dan penyemangat."
419,fine_tuned_llama,0.0705,0.3333,0.2222,4,"Respons kandidat menunjukkan empati dengan mengucapkan 'Senang mendengarnya' dan menawarkan dukungan dengan 'Jaga dirimu baik-baik, dan jangan ragu untuk menghubungi jika kamu butuh apa-apa', namun tidak secara eksplisit menyampaikan pemahaman mendalam tentang perasaan seeker.",4,"Nasihat 'Kamu pasti bisa melakukannya' memberikan motivasi, tetapi tidak menyediakan solusi atau strategi spesifik untuk mengatasi tantangan yang dihadapi seeker.",5,"Respons kandidat tetap fokus pada topik dan mengikuti alur percakapan, memberikan penegasan dan dukungan yang relevan dengan kebutuhan seeker.",5,"Kalimat-kalimat yang digunakan lancar dan mudah dipahami, tidak ada kesalahan tata bahasa yang mencolok.",4,"Respons kandidat sesuai dengan strategi yang diharapkan untuk memberikan penegasan dan penyemangat, meskipun bisa lebih kuat dengan penambahan contoh atau strategi spesifik."
441,fine_tuned_llama,1.0,1.0,1.0,5,Respons kandidat menunjukkan empati yang kuat dengan mengucapkan rasa senang bisa membantu dan mengingatkan seeker bahwa mereka kuat.,5,Nasihatnya sangat membantu dan relevan karena memberikan penegasan dan penyemangat kepada seeker.,5,Respons kandidat tetap fokus pada topik dan tidak menyimpang dari pembicaraan tentang masalah seeker.,5,"Tata bahasa dan kelancaran respons kandidat sangat baik, mudah dipahami, dan tidak ada kesalahan.",5,"Respons kandidat sangat sesuai dengan strategi yang diharapkan, yaitu memberikan penegasan dan penyemangat kepada seeker."
564,fine_tuned_llama,1.0,1.0,1.0,4,"Respons kandidat menunjukkan empati dengan mengucapkan harapan untuk hari-hari yang lebih baik, namun tidak secara spesifik menyentuh perasaan seeker.",3,"Respons kandidat tidak memberikan nasihat atau bantuan tambahan setelah percakapan selesai, sehingga kurang membantu dalam konteks ini.",4,Respons kandidat tetap relevan dengan topik penutup percakapan dan mengucapkan salam perpisahan.,5,Respons kandidat lancar dan menggunakan tata bahasa yang baik.,4,"Respons kandidat sesuai dengan strategi memberikan penegasan dan penyemangat, namun bisa ditingkatkan dengan penambahan pesan yang lebih spesifik atau motivasional."
577,fine_tuned_llama,0.0184,0.1212,0.1212,5,Respons kandidat menunjukkan empati yang kuat dengan mengungkapkan kegembiraan atas perbaikan kondisi seeker dan menawarkan dukungan emosional lebih lanjut.,5,Nasihat yang diberikan sangat membantu karena memberikan dukungan dan mengundang seeker untuk berbicara lebih lanjut jika dibutuhkan.,5,"Respons tetap fokus pada topik dan kondisi emosional seeker, tidak menyimpang dari konteks percakapan.",5,"Kalimat yang digunakan lancar, mudah dipahami, dan tidak ada kesalahan tata bahasa yang mencolok.",5,"Respons kandidat sangat sesuai dengan strategi yang diharapkan, yaitu memberikan penegasan dan penyemangat dengan menawarkan dukungan dan kehadiran."
586,fine_tuned_llama,1.0,1.0,1.0,5,"Respons kandidat menunjukkan empati yang kuat dengan mengulangi kalimat yang sama dengan respons referensi, menunjukkan dukungan emosional yang konsisten.",5,Nasihatnya relevan dan membantu karena memberikan harapan dan motivasi untuk pemulihan.,5,Respons tetap fokus pada topik dan tidak menyimpang dari konteks percakapan.,5,"Kalimatnya lancar dan menggunakan tata bahasa yang benar, membuatnya mudah dipahami.",5,"Respons kandidat sangat sesuai dengan strategi yang diharapkan, yaitu memberikan penegasan dan penyemangat dengan mengucapkan harapan untuk pemulihan."
655,fine_tuned_llama,1.0,1.0,1.0,5,"Respons kandidat menunjukkan empati yang kuat dengan mengulangi kalimat yang sama dengan respons referensi, menunjukkan dukungan emosional yang konsisten.",5,Nasihatnya relevan dan membantu karena memberikan harapan dan dukungan untuk pemulihan hubungan.,5,Respons tetap fokus pada topik tentang memperbaiki hubungan dengan teman.,5,Kalimatnya lancar dan menggunakan tata bahasa yang tepat.,5,"Respons kandidat sangat sesuai dengan strategi yang diharapkan, yaitu memberikan penegasan dan penyemangat."
757,fine_tuned_llama,1.0,1.0,1.0,5,"Respons kandidat menunjukkan empati yang kuat dengan mengulangi kalimat yang sama dengan respons referensi, menunjukkan dukungan emosional yang konsisten.",5,Nasihatnya relevan dan membantu karena memberikan harapan dan motivasi untuk melewati tekanan.,5,Respons tetap fokus pada topik dan tidak menyimpang dari konteks percakapan.,5,"Kalimatnya lancar dan menggunakan tata bahasa yang tepat, membuatnya mudah dipahami.",5,"Respons kandidat sangat sesuai dengan strategi yang diharapkan, yaitu memberikan penegasan dan penyemangat."
777,fine_tuned_llama,1.0,1.0,1.0,5,"Respons kandidat menunjukkan empati yang tinggi dengan mengulangi kalimat penutup yang sama seperti supporter asli, menandakan dukungan emosional yang konsisten.",5,"Meskipun respons kandidat singkat, tetapi tetap membantu dengan memberikan penutup yang positif dan mendukung.",5,Respons kandidat tetap fokus pada topik dengan memberikan kalimat penutup yang relevan dan tidak menyimpang dari konteks percakapan.,5,"Tata bahasa respons kandidat lancar dan mudah dipahami, tidak ada kesalahan bahasa yang mencolok.",5,"Respons kandidat sangat sesuai dengan strategi yang diharapkan, yaitu memberikan penegasan dan penyemangat dengan kalimat penutup yang positif."
821,fine_tuned_llama,1.0,1.0,1.0,5,"Respons kandidat menunjukkan empati yang kuat dengan mengucapkan kalimat yang sama dengan respons referensi, menandakan dukungan emosional yang konsisten.",5,Nasihatnya relevan dan membantu karena memberikan harapan positif untuk pemulihan seeker.,5,Respons tetap fokus pada topik dan tidak menyimpang dari konteks percakapan.,5,"Kalimatnya lancar dan menggunakan tata bahasa yang tepat, sehingga mudah dipahami.",5,"Respons kandidat sesuai dengan strategi yang diharapkan, yaitu memberikan penegasan dan penyemangat untuk memotivasi seeker."
822,fine_tuned_llama,1.0,1.0,1.0,4,"Respons kandidat menunjukkan empati yang cukup dengan mengulangi kalimat yang sama dengan supporter asli, namun tidak menambahkan kalimat yang lebih spesifik untuk meningkatkan dukungan emosional.",5,Respons kandidat sangat membantu karena langsung menjawab pertanyaan seeker dan memberikan informasi yang relevan tentang tips menghadapi wawancara pekerjaan.,5,"Respons kandidat tetap fokus pada topik yang dibahas, yaitu mencari pekerjaan baru dan menghadapi wawancara pekerjaan.",5,"Respons kandidat memiliki kelancaran dan tata bahasa yang baik, sehingga mudah dipahami oleh seeker.",5,"Respons kandidat sangat sesuai dengan strategi yang diharapkan, yaitu memberikan informasi yang relevan dan membantu seeker dalam mencari pekerjaan baru."
824,fine_tuned_llama,0.3674,0.6667,0.6667,4,"Respons kandidat menunjukkan empati dengan mengucapkan 'Sama-sama', namun kurang menyampaikan dukungan emosional secara eksplisit seperti pada respons referensi.",4,"Nasihat 'jaga dirimu baik-baik ya' cukup membantu, tetapi tidak sepenuhnya memberikan semangat seperti pada respons referensi.",5,Respons kandidat tetap fokus pada topik dan mengakhiri percakapan dengan positif.,5,Kalimat respons kandidat lancar dan menggunakan tata bahasa yang benar.,4,"Respons kandidat sesuai dengan strategi memberikan penegasan, tetapi kurang menyampaikan penyemangat secara eksplisit seperti pada respons referensi."
832,fine_tuned_llama,1.0,1.0,1.0,5,"Respons kandidat menunjukkan empati yang kuat dengan mengulangi kalimat penutup yang sama seperti supporter asli, menandakan dukungan emosional yang konsisten.",5,"Meskipun respons kandidat singkat, tetapi tetap membantu dengan memberikan penutup yang positif dan mengingatkan seeker untuk merawat diri.",5,Respons kandidat tetap fokus pada topik dengan memberikan penutup yang relevan dan tidak menyimpang dari konteks percakapan.,5,"Kalimat respons kandidat lancar dan mudah dipahami, tidak ada kesalahan tata bahasa atau ejaan.",5,"Respons kandidat sangat sesuai dengan strategi yang diharapkan, yaitu memberikan penegasan dan penyemangat dengan cara yang sederhana namun efektif."
905,fine_tuned_llama,0.4772,0.7407,0.7407,5,"Respons kandidat menunjukkan empati yang kuat dengan mengucapkan 'Senang bisa menjadi bagian dari perjalananmu', yang menunjukkan dukungan emosional.",4,"Meskipun respons kandidat tidak menyediakan nasihat baru, ia tetap mendukung dan memberikan motivasi, sehingga masih cukup membantu.",5,"Respons kandidat tetap fokus pada topik dan tidak menyimpang, sehingga relevan dengan percakapan sebelumnya.",5,"Kalimat respons kandidat lancar dan mudah dipahami, menunjukkan tata bahasa yang baik.",5,"Respons kandidat sangat sesuai dengan strategi yang diharapkan, yaitu memberikan penegasan dan penyemangat dengan mengucapkan 'Jaga dirimu dan tetap berhubungan, ya!'"
928,fine_tuned_llama,1.0,1.0,1.0,4,"Respons kandidat menunjukkan empati dengan mengucapkan harapan untuk hari-hari yang lebih baik, namun tidak secara spesifik menyentuh perasaan atau kekhawatiran seeker.",3,Nasihatnya cukup umum dan tidak memberikan solusi atau panduan spesifik untuk mengatasi krisis di tempat kerja.,5,Respons tetap fokus pada topik dan mengikuti konteks percakapan.,5,Kalimatnya lancar dan menggunakan tata bahasa yang benar.,5,"Respons kandidat sesuai dengan strategi yang diharapkan, yaitu memberikan penegasan dan penyemangat."
969,fine_tuned_llama,1.0,1.0,1.0,5,Respons kandidat menunjukkan empati yang kuat dengan mengakui sikap positif seeker dan menawarkan dukungan emosional.,5,Nasihat yang diberikan sangat membantu dan relevan karena memberikan penegasan dan penyemangat untuk melanjutkan perjuangan melawan depresi.,5,Respons tetap fokus pada topik dan tidak menyimpang dari permasalahan yang dibahas.,5,"Tata bahasa dan kelancaran respons sangat baik, mudah dipahami, dan tidak ada kesalahan bahasa.",5,"Respons kandidat sangat sesuai dengan strategi yang diharapkan, yaitu memberikan penegasan dan penyemangat untuk membantu seeker merasa lebih positif dan termotivasi."
986,fine_tuned_llama,0.0318,0.2162,0.2162,5,"Respons kandidat menunjukkan empati yang kuat dengan menggunakan kata-kata seperti 'luar biasa' dan 'sangat bangga', yang menunjukkan dukungan emosional yang kuat.",5,Nasihatnya sangat membantu karena memberikan motivasi dan dukungan untuk melanjutkan langkah baru dalam hidup.,5,Respons tetap fokus pada topik dan tidak menyimpang dari konteks percakapan.,5,"Kalimatnya lancar dan mudah dipahami, tanpa kesalahan tata bahasa yang signifikan.",5,"Respons kandidat sangat sesuai dengan strategi yang diharapkan, yaitu memberikan penegasan dan penyemangat untuk memotivasi seeker."
1007,fine_tuned_llama,0.0534,0.2667,0.2667,4,"Respons kandidat menunjukkan empati dengan mengucapkan semoga semuanya menjadi lebih baik, namun tidak sepenuhnya menyentuh aspek emosional seperti pada respons referensi.",4,"Nasihatnya membantu dan relevan, memberikan harapan positif bagi seeker.",5,Respons tetap fokus pada topik dan situasi seeker.,5,Kalimatnya lancar dan menggunakan tata bahasa yang baik.,4,"Respons kandidat sesuai dengan strategi memberikan penegasan dan penyemangat, namun bisa lebih kuat dalam memberikan dukungan emosional."
1040,fine_tuned_llama,0.0582,0.8333,0.8333,4,"Respons kandidat menunjukkan empati dengan mengucapkan terima kasih, namun tidak secara eksplisit menunjukkan dukungan emosional seperti pada respons referensi.",3,"Respons kandidat tidak memberikan nasihat atau bantuan tambahan, sehingga kurang membantu dibandingkan dengan respons referensi.",5,Respons kandidat tetap fokus pada topik dan mengikuti konteks percakapan.,5,Respons kandidat lancar dan menggunakan tata bahasa yang benar.,4,"Respons kandidat sesuai dengan strategi memberikan penegasan dan penyemangat, namun tidak sepenuhnya mengikuti contoh respons referensi."
1051,fine_tuned_llama,1.0,1.0,1.0,5,Respons kandidat menunjukkan empati yang kuat dengan mengingatkan seeker untuk merawat diri dan melakukan hal-hal yang membuatnya bahagia.,5,Nasihat tersebut sangat membantu dan relevan dengan kebutuhan seeker untuk merasa lebih bahagia dan memiliki tujuan hidup.,5,Respons kandidat tetap fokus pada topik dan tidak menyimpang dari pembicaraan sebelumnya.,5,Kalimat respons kandidat lancar dan menggunakan tata bahasa yang benar.,5,"Respons kandidat sangat sesuai dengan strategi yang diharapkan, yaitu memberikan penegasan dan penyemangat kepada seeker."
1075,fine_tuned_llama,1.0,1.0,1.0,5,"Respons kandidat menunjukkan empati yang kuat dengan mengulangi kalimat yang sama dengan supporter asli, menandakan dukungan emosional yang konsisten.",5,"Nasihatnya relevan dan membantu karena memberikan harapan positif untuk hari-hari yang lebih baik, sesuai dengan kebutuhan seeker.",5,"Respons tetap fokus pada topik dengan tidak memperkenalkan informasi baru yang tidak relevan, melainkan mempertahankan kesan positif dari percakapan sebelumnya.",5,"Kalimatnya lancar dan menggunakan tata bahasa yang tepat, tidak ada kesalahan bahasa yang mencolok.",5,"Respons kandidat sangat sesuai dengan strategi yang diharapkan, yaitu memberikan penegasan dan penyemangat dengan mengucapkan harapan baik untuk seeker."
1115,fine_tuned_llama,0.1172,0.625,0.625,4,"Respons kandidat menunjukkan empati dengan mengucapkan 'Sama-sama', namun kurang menyampaikan dukungan emosional yang lebih spesifik.",3,Nasihat 'jaga diri kamu baik-baik' cukup umum dan tidak terlalu spesifik atau inovatif dalam membantu seeker.,5,Respons kandidat tetap fokus pada topik dan mengikuti konteks percakapan.,5,Kalimat respons kandidat lancar dan menggunakan tata bahasa yang benar.,4,"Respons kandidat sesuai dengan strategi memberikan penegasan dan penyemangat, namun bisa ditingkatkan dengan penambahan pesan yang lebih spesifik atau motivatif."
1128,fine_tuned_llama,0.0209,0.1,0.1,4,"Respons kandidat menunjukkan empati, tetapi tidak secara eksplisit menyatakan dukungan emosional seperti respons referensi.",3,"Nasihatnya tidak terlalu spesifik atau membantu, hanya memberikan harapan umum.",5,Respons tetap fokus pada topik dan mengikuti konteks percakapan.,5,Kalimatnya lancar dan menggunakan tata bahasa yang baik.,4,"Respons kandidat memberikan penegasan dan penyemangat, tetapi tidak sepenuhnya sesuai dengan strategi yang diharapkan karena kurangnya dukungan emosional yang spesifik."
1132,fine_tuned_llama,1.0,1.0,1.0,5,Respons kandidat menunjukkan empati yang tinggi dengan mengharapkan yang terbaik bagi seeker dan mendorongnya untuk mencari bantuan jika diperlukan.,5,Nasihat dalam respons kandidat sangat membantu dan relevan karena mendorong seeker untuk tidak ragu mencari bantuan.,5,Respons kandidat tetap fokus pada topik dan kebutuhan emosional seeker.,5,Tata bahasa dan kelancaran respons kandidat sangat baik dan mudah dipahami.,5,"Respons kandidat sangat sesuai dengan strategi yang diharapkan, yaitu memberikan penegasan dan penyemangat kepada seeker."
1134,fine_tuned_llama,0.33,0.5641,0.4615,4,"Respons kandidat menunjukkan empati yang baik dengan mengakui perbaikan yang dialami seeker dan memberikan harapan untuk masa depan yang lebih cerah, namun mungkin bisa lebih spesifik dalam mengakui perasaan seeker.",4,"Nasihat yang diberikan relevan dan membantu, memberikan motivasi untuk terus maju dan mengingatkan tentang adanya harapan, namun tidak menyediakan solusi atau saran spesifik tambahan.",5,Respons kandidat tetap fokus pada topik dan mengikuti alur percakapan dengan baik.,5,"Tata bahasa dan kelancaran respons kandidat sangat baik, mudah dipahami dan tidak ada kesalahan bahasa yang signifikan.",5,"Respons kandidat sangat sesuai dengan strategi yang diharapkan, yaitu memberikan penegasan dan penyemangat, serta mengingatkan seeker tentang adanya harapan untuk masa depan yang lebih cerah."
1135,fine_tuned_llama,1.0,1.0,1.0,5,Respons kandidat menunjukkan empati yang kuat dengan mengungkapkan rasa bangga dan dukungan emosional.,5,Nasihat yang diberikan sangat membantu dan relevan karena memberikan motivasi dan dukungan.,5,Respons tetap fokus pada topik dan mengikuti konteks percakapan.,5,Kalimat yang digunakan lancar dan memiliki tata bahasa yang baik.,5,"Respons kandidat sangat sesuai dengan strategi yang diharapkan, yaitu memberikan penegasan dan penyemangat."
1180,fine_tuned_llama,1.0,1.0,1.0,5,Respons kandidat menunjukkan empati yang tinggi dengan mengucapkan terima kasih dan memberikan dukungan emosional.,5,Nasihat yang diberikan sangat membantu dan relevan dengan situasi seeker.,5,Respons kandidat tetap fokus pada topik dan tidak menyimpang dari pembicaraan.,5,Tata bahasa yang digunakan lancar dan mudah dipahami.,5,"Respons kandidat sangat sesuai dengan strategi yang diharapkan, yaitu memberikan penegasan dan penyemangat."
1192,fine_tuned_llama,1.0,1.0,1.0,4,"Respons kandidat menunjukkan empati dengan menawarkan bantuan jika dibutuhkan, namun kurang menekankan dukungan emosional secara spesifik.",4,"Respons kandidat membantu dengan menawarkan bantuan, namun tidak menyediakan solusi atau saran tambahan.",5,Respons kandidat tetap fokus pada topik dan mengikuti konteks percakapan.,5,Respons kandidat lancar dan menggunakan tata bahasa yang tepat.,5,"Respons kandidat sesuai dengan strategi yang diharapkan, yaitu memberikan penegasan dan penyemangat dengan menawarkan bantuan jika dibutuhkan."
1206,fine_tuned_llama,1.0,1.0,1.0,4,"Respons kandidat menunjukkan empati yang cukup dengan mengungkapkan kesenangan untuk berbicara lagi, namun tidak secara eksplisit menyampaikan dukungan emosional yang mendalam.",3,"Respons kandidat tidak secara langsung memberikan nasihat atau bantuan yang baru, karena percakapan sudah mencapai titik akhir yang positif.",5,Respons kandidat tetap fokus pada topik penutupan percakapan dan kesediaan untuk berinteraksi di masa depan.,5,"Respons kandidat ditulis dengan lancar dan tata bahasa yang baik, mudah dipahami.",5,"Respons kandidat sesuai dengan strategi yang diharapkan, yaitu memberikan penegasan dan penyemangat dengan menunjukkan kesenangan untuk berbicara lagi."
1253,fine_tuned_llama,0.0275,0.25,0.25,4,"Respons kandidat menunjukkan empati dengan menggunakan kata 'semangat', namun tidak sepenuhnya menyampaikan dukungan emosional yang mendalam seperti respons referensi.",3,"Nasihat 'semangat, ya!' kurang spesifik dan tidak memberikan panduan yang jelas seperti respons referensi.",5,Respons kandidat tetap fokus pada topik dan mengikuti konteks percakapan.,5,Kalimat respons kandidat lancar dan mudah dipahami.,4,"Respons kandidat memberikan penyemangat, namun tidak sepenuhnya mengikuti strategi yang diharapkan dengan memberikan penegasan yang kuat seperti respons referensi."
1255,fine_tuned_llama,0.07,0.1818,0.1818,4,"Respons kandidat menunjukkan empati dengan mengucapkan harapan untuk hari-hari yang lebih baik, namun tidak secara spesifik menyentuh perasaan seeker.",3,"Nasihatnya tidak secara langsung membantu menyelesaikan masalah, tetapi memberikan harapan umum untuk keadaan yang lebih baik.",4,"Respons tetap fokus pada topik perpisahan dan harapan untuk masa depan, relevan dengan konteks percakapan.",5,Kalimatnya lancar dan menggunakan tata bahasa yang baik.,4,"Respons kandidat sesuai dengan strategi memberikan penegasan dan penyemangat, tetapi bisa lebih spesifik dan terkait dengan masalah yang dibahas."
1323,fine_tuned_llama,0.8424,0.9,0.9,5,Respons kandidat menunjukkan empati yang kuat dengan mengingatkan seeker bahwa mereka tidak sendirian.,4,"Nasihatnya cukup membantu, tetapi tidak menyediakan solusi atau panduan spesifik lebih lanjut seperti pada percakapan sebelumnya.",5,Respons tetap fokus pada topik dan situasi seeker.,5,"Kalimatnya lancar dan mudah dipahami, tidak ada kesalahan tata bahasa yang signifikan.",5,"Respons kandidat sangat sesuai dengan strategi yang diharapkan, yaitu memberikan penegasan dan penyemangat."
1395,fine_tuned_llama,1.0,1.0,1.0,5,"Respons kandidat menunjukkan empati yang kuat dengan mengulangi kalimat yang sama dengan respons referensi, sehingga menegaskan dukungan emosional.",5,Nasihat dalam respons kandidat sangat membantu dan relevan karena memberikan penegasan dan penyemangat.,5,Respons kandidat tetap fokus pada topik dan tidak menyimpang dari pembicaraan.,5,Kalimat dalam respons kandidat lancar dan menggunakan tata bahasa yang benar.,5,"Respons kandidat sangat sesuai dengan strategi yang diharapkan, yaitu memberikan penegasan dan penyemangat."
1446,fine_tuned_llama,0.0369,0.24,0.24,5,"Respons kandidat menunjukkan empati yang tinggi dengan mengundang seeker untuk menghubungi kembali jika membutuhkan, menunjukkan dukungan emosional yang kuat.",5,Nasihat untuk tidak ragu menghubungi kembali dan menganggap berbicara tentang perasaan sebagai langkah besar sangat membantu dan relevan dengan kebutuhan seeker.,5,"Respons tetap fokus pada topik dan kebutuhan seeker, tidak menyimpang dari konteks percakapan.",5,"Kalimat-kalimat yang digunakan lancar, mudah dipahami, dan tidak ada kesalahan tata bahasa yang signifikan.",5,"Respons kandidat sangat sesuai dengan strategi yang diharapkan, yaitu memberikan penegasan dan penyemangat dengan mengundang seeker untuk terus berkomunikasi dan menganggap tindakannya sebagai langkah besar."
1447,fine_tuned_llama,1.0,1.0,1.0,5,Respons kandidat menunjukkan empati yang kuat dengan mengulangi kalimat penegasan dan penyemangat yang sama dengan respons referensi.,5,Nasihat dalam respons kandidat sangat membantu dan relevan karena memberikan dukungan emosional dan motivasi.,5,Respons kandidat tetap fokus pada topik dan tidak menyimpang dari konteks percakapan.,5,Kalimat dalam respons kandidat lancar dan menggunakan tata bahasa yang tepat.,5,"Respons kandidat sangat sesuai dengan strategi yang diharapkan, yaitu memberikan penegasan dan penyemangat."
1454,fine_tuned_llama,0.6771,0.9333,0.9333,4,"Respons kandidat menunjukkan empati, tetapi kurang ekspresif dibandingkan respons referensi.",4,"Nasihatnya membantu dan relevan, tetapi tidak menambahkan hal baru yang signifikan.",5,Respons kandidat tetap fokus pada topik dan tidak menyimpang.,5,Tata bahasa dan kelancaran respons kandidat baik dan mudah dipahami.,4,"Respons kandidat sesuai dengan strategi memberikan penegasan dan penyemangat, tetapi kurang satu kata 'ya' yang ada di respons referensi."
1456,fine_tuned_llama,1.0,1.0,1.0,5,Respons kandidat menunjukkan empati yang kuat dengan mengungkapkan kesenangan dalam membantu dan mengundang seeker untuk menghubungi jika membutuhkan.,5,Nasihatnya relevan dan membantu karena memberikan dukungan emosional dan mengundang seeker untuk berkomunikasi lebih lanjut.,5,Respons tetap fokus pada topik dukungan emosional dan penyediaan bantuan.,5,Kalimatnya lancar dan menggunakan tata bahasa yang tepat.,5,"Respons kandidat sangat sesuai dengan strategi yang diharapkan, yaitu memberikan penegasan dan penyemangat."
1475,fine_tuned_llama,0.0974,0.6154,0.6154,4,"Respons kandidat menunjukkan empati yang cukup dengan menggunakan kata-kata yang mendukung seperti 'jaga dirimu baik-baik ya', namun tidak secara eksplisit menyatakan pemahaman atas perasaan seeker.",4,"Nasihat dalam respons kandidat cukup membantu karena mendorong seeker untuk menjaga diri, namun tidak menyediakan solusi atau panduan spesifik lebih lanjut.",5,Respons kandidat tetap fokus pada topik dan mengikuti konteks percakapan tentang dukungan emosional.,5,"Kalimat dalam respons kandidat lancar dan mudah dipahami, tidak ada kesalahan tata bahasa yang signifikan.",5,Respons kandidat sesuai dengan strategi yang diharapkan karena memberikan penegasan dan penyemangat kepada seeker untuk menjaga diri dengan baik.
1505,fine_tuned_llama,1.0,1.0,1.0,5,"Respons kandidat menunjukkan empati dan dukungan emosional yang kuat dengan mengucapkan 'Sama-sama! Aku selalu ada di sini untuk kamu', yang menunjukkan bahwa kandidat peduli dengan perasaan seeker.",5,"Nasihat 'Ingat, memperbaiki hubungan itu proses yang butuh waktu dan usaha dari kedua belah pihak' sangat membantu dan relevan karena memberikan perspektif yang realistis tentang memperbaiki hubungan.",5,"Respons kandidat tetap fokus pada topik memperbaiki hubungan dan memberikan dukungan, sehingga sangat relevan dengan percakapan sebelumnya.",5,"Kalimat-kalimat dalam respons kandidat lancar dan mudah dipahami, menunjukkan tata bahasa yang baik.",5,"Respons kandidat sangat sesuai dengan strategi yang diharapkan, yaitu memberikan penegasan dan penyemangat, karena kandidat memberikan dukungan dan motivasi untuk memperbaiki hubungan."
1515,fine_tuned_llama,0.712,0.9412,0.9412,4,"Respons kandidat menunjukkan empati dengan mengucapkan harapan untuk pemulihan dan kebahagiaan, namun kurang spesifik dan personal dibandingkan respons referensi.",3,"Nasihatnya cukup umum dan tidak memberikan solusi atau pandangan baru, sehingga kurang membantu dibandingkan respons sebelumnya yang lebih detail.",5,Respons tetap fokus pada topik tentang pemulihan dan kebahagiaan setelah putus cinta.,5,"Kalimatnya lancar dan mudah dipahami, tidak ada kesalahan tata bahasa yang mencolok.",4,"Respons kandidat sesuai dengan strategi memberikan penegasan dan penyemangat, namun kurang kuat dibandingkan respons referensi yang menggunakan kata 'ya' untuk penekanan."
1529,fine_tuned_llama,1.0,1.0,1.0,5,"Respons kandidat menunjukkan empati yang kuat dengan mengulangi kalimat yang sama seperti respons referensi, menandakan dukungan emosional yang konsisten.",5,Nasihatnya sangat membantu dan relevan karena memberikan penegasan untuk tidak ragu berbicara jika butuh bantuan lagi.,5,Respons tetap fokus pada topik dengan memberikan penutup yang mendukung dan memotivasi.,5,"Kalimatnya lancar dan menggunakan tata bahasa yang tepat, membuatnya mudah dipahami.",5,"Respons kandidat sangat sesuai dengan strategi yang diharapkan, yaitu memberikan penegasan dan penyemangat dengan cara yang efektif."
1538,fine_tuned_llama,0.0392,0.3636,0.3636,4,"Respons kandidat menunjukkan empati, tetapi kurang spesifik dalam menyampaikan dukungan emosional.",3,"Respons kandidat tidak memberikan nasihat atau bantuan yang signifikan, hanya mengulangi kalimat penutup.",5,Respons kandidat tetap fokus pada topik dan mengikuti konteks percakapan.,5,Respons kandidat lancar dan menggunakan tata bahasa yang benar.,4,"Respons kandidat sesuai dengan strategi memberikan penegasan, tetapi kurang menyemangati dibandingkan respons referensi."
1563,fine_tuned_llama,0.0,0.0,0.0,5,Respons kandidat menunjukkan empati yang kuat dengan memahami perasaan seeker dan memberikan dukungan emosional yang tepat.,5,"Nasihat yang diberikan sangat membantu dan relevan dengan kebutuhan seeker, membantu seeker merasa lebih baik dan termotivasi.",5,Respons kandidat tetap fokus pada topik dan tidak menyimpang dari pembicaraan tentang perasaan seeker dan cara mengatasi kesedihan.,5,"Tata bahasa dan kelancaran respons kandidat sangat baik, membuatnya mudah dipahami dan dinikmati.",5,"Respons kandidat sangat sesuai dengan strategi yang diharapkan, yaitu merefleksikan perasaan seeker dan memberikan dukungan emosional."
1579,fine_tuned_llama,0.0865,0.4,0.4,4,"Respons kandidat menunjukkan empati dengan mengucapkan 'Sama-sama' dan memberikan peringatan untuk menjaga diri, namun kurang spesifik dalam menyampaikan dukungan emosional.",2,Nasihat yang diberikan terlalu umum dan tidak memberikan solusi atau panduan spesifik untuk mengatasi masalah yang dihadapi seeker.,4,"Respons kandidat tetap fokus pada topik dan mengakhiri percakapan dengan positif, namun tidak menambahkan informasi atau pandangan baru.",5,"Kalimat yang digunakan lancar dan mudah dipahami, tidak ada kesalahan tata bahasa yang signifikan.",4,"Respons kandidat sesuai dengan strategi memberikan penegasan dan penyemangat, namun bisa ditingkatkan dengan memberikan contoh atau saran yang lebih spesifik."
1629,fine_tuned_llama,1.0,1.0,1.0,5,Respons kandidat menunjukkan empati yang kuat dengan mengungkapkan kegembiraan atas perubahan positif pada seeker dan menawarkan dukungan emosional.,5,Nasihat yang diberikan sangat membantu dan relevan karena memberikan penegasan dan penyemangat untuk menjaga diri dan mengingatkan seeker bahwa mereka tidak sendirian.,5,Respons kandidat tetap fokus pada topik dan mengikuti konteks percakapan sebelumnya.,5,"Kalimat yang digunakan lancar dan mudah dipahami, menunjukkan tata bahasa yang baik.",5,"Respons kandidat sangat sesuai dengan strategi yang diharapkan, yaitu memberikan penegasan dan penyemangat untuk membantu seeker merasa lebih baik."
1679,fine_tuned_llama,0.2045,0.2609,0.2609,4,"Respons kandidat menunjukkan empati dengan mengucapkan harapan untuk hari-hari yang lebih cerah, namun tidak secara eksplisit menyampaikan dukungan emosional seperti pada respons referensi.",4,"Nasihat untuk memiliki hari-hari yang lebih cerah dapat dianggap membantu, tetapi tidak spesifik seperti pada respons referensi yang menekankan untuk tetap semangat dan menjaga diri sendiri.",5,Respons kandidat tetap fokus pada topik dan tidak menyimpang dari konteks percakapan.,5,Kalimat respons kandidat lancar dan menggunakan tata bahasa yang baik.,5,Respons kandidat sesuai dengan strategi yang diharapkan karena memberikan penegasan dan penyemangat dengan harapan untuk hari-hari yang lebih cerah.
1680,fine_tuned_llama,1.0,1.0,1.0,5,"Respons kandidat menunjukkan empati yang kuat dengan mengulangi kalimat yang sama dengan respons referensi, sehingga menegaskan dukungan emosional.",5,"Nasihat yang diberikan sangat membantu dan relevan dengan kebutuhan seeker, yaitu memberikan penegasan dan penyemangat.",5,Respons kandidat tetap fokus pada topik dan tidak menyimpang dari pembicaraan tentang proses move on.,5,"Kalimat yang digunakan lancar dan mudah dipahami, tidak ada kesalahan tata bahasa.",5,"Respons kandidat sangat sesuai dengan strategi yang diharapkan, yaitu memberikan penegasan dan penyemangat untuk membantu seeker dalam proses move on."
1681,fine_tuned_llama,0.3371,0.625,0.5,4,Respons kandidat menunjukkan empati yang baik dengan mengakui perasaan seekernya dan menawarkan dukungan emosional.,4,"Nasihat yang diberikan relevan dan membantu, tetapi bisa lebih spesifik dan terperinci untuk meningkatkan manfaatnya.",5,Respons kandidat tetap fokus pada topik dan tidak menyimpang dari percakapan.,5,"Tata bahasa dan kelancaran respons kandidat sangat baik, mudah dipahami dan tidak ada kesalahan.",4,"Respons kandidat sesuai dengan strategi yang diharapkan, yaitu memberikan penegasan dan penyemangat, tetapi bisa lebih kuat dalam memberikan motivasi."
1685,fine_tuned_llama,1.0,1.0,1.0,5,"Respons kandidat menunjukkan empati yang kuat dengan mengulangi kalimat yang sama seperti respons referensi, menunjukkan dukungan emosional yang konsisten.",5,"Nasihatnya relevan dan membantu karena memberikan penegasan untuk tidak ragu berbicara jika membutuhkan bantuan, menunjukkan kesediaan untuk terus mendukung.",5,"Respons tetap fokus pada topik dengan memberikan penutup yang positif dan mendukung, tidak menyimpang dari konteks percakapan.",5,"Kalimatnya lancar dan menggunakan tata bahasa yang tepat, membuat pesan mudah dipahami dan tidak ada keraguan dalam interpretasi.",5,"Respons kandidat sangat sesuai dengan strategi yang diharapkan, yaitu memberikan penegasan dan penyemangat dengan mengundang seeker untuk berbicara kapan saja dibutuhkan."
1698,fine_tuned_llama,0.8052,0.9565,0.9565,4,"Respons kandidat menunjukkan empati yang cukup dengan mengungkapkan keyakinan bahwa seeker bisa melakukannya, namun kurang spesifik dalam menyampaikan dukungan emosional.",4,"Nasihatnya membantu dan relevan, memberikan motivasi untuk maju, tetapi tidak menyediakan solusi atau panduan spesifik.",5,Respons tetap fokus pada topik dan mengikuti konteks percakapan.,5,Kalimatnya lancar dan menggunakan tata bahasa yang benar.,5,"Respons kandidat sangat sesuai dengan strategi yang diharapkan, yaitu memberikan penegasan dan penyemangat."
1717,fine_tuned_llama,1.0,1.0,1.0,5,"Respons kandidat menunjukkan empati yang kuat dengan mengulangi kalimat yang sama dengan supporter asli, menunjukkan dukungan emosional yang konsisten.",5,Nasihatnya sangat membantu dan relevan karena memberikan penegasan dan penyemangat untuk menjaga hubungan yang baik.,5,Respons kandidat tetap fokus pada topik dan tidak menyimpang dari konteks percakapan.,5,"Kalimatnya lancar dan menggunakan tata bahasa yang tepat, membuat pesan lebih mudah dipahami.",5,"Respons kandidat sangat sesuai dengan strategi yang diharapkan, yaitu memberikan penegasan dan penyemangat untuk mempertahankan hubungan yang baik."
1861,fine_tuned_llama,1.0,1.0,1.0,4,"Respons kandidat menunjukkan empati dengan menawarkan bantuan jika dibutuhkan, namun kurang secara eksplisit mengekspresikan dukungan emosional.",4,"Nasihat yang diberikan relevan dan membantu, tetapi tidak secara spesifik memberikan solusi atau panduan lebih lanjut.",5,Respons kandidat tetap fokus pada topik dan mengikuti konteks percakapan.,5,"Kalimat yang digunakan lancar dan mudah dipahami, tidak ada kesalahan tata bahasa.",5,"Respons kandidat sesuai dengan strategi yang diharapkan, yaitu memberikan penegasan dan penyemangat dengan menawarkan bantuan jika dibutuhkan."
1888,fine_tuned_llama,0.0591,0.4348,0.4348,4,"Respons kandidat menunjukkan empati dengan mengucapkan harapan untuk hari-hari yang lebih baik dan meminta seeker untuk menjaga diri, namun kurang spesifik dan mendalam dibandingkan respons referensi.",3,"Nasihat untuk 'jaga dirimu' cukup umum dan tidak terlalu spesifik atau inovatif, sehingga kurang membantu dibandingkan respons referensi yang lebih menyemangati.",5,Respons kandidat tetap fokus pada topik dan mengikuti konteks percakapan tentang dukungan emosional dan penyemangatan.,4,"Kalimatnya lancar dan mudah dipahami, namun mungkin terlalu singkat dan tidak terlalu rinci atau persuasif.",4,"Respons kandidat sesuai dengan strategi memberikan penegasan dan penyemangat, namun bisa ditingkatkan dengan kalimat yang lebih spesifik dan mendalam."
1920,fine_tuned_llama,0.5694,0.64,0.64,4,"Respons kandidat menunjukkan empati dengan mengucapkan harapan untuk kebahagiaan seeker, namun tidak secara eksplisit menyatakan dukungan emosional seperti pada respons referensi.",4,"Nasihat untuk 'jaga dirimu dengan baik' cukup membantu, tetapi tidak spesifik atau mendalam seperti pada percakapan sebelumnya.",5,Respons kandidat tetap fokus pada topik dan relevan dengan konteks percakapan.,5,Kalimatnya lancar dan menggunakan tata bahasa yang baik.,4,"Respons kandidat memberikan penegasan dan penyemangat, namun tidak sepenuhnya mengikuti strategi yang diharapkan karena kurangnya penekanan pada dukungan emosional yang lebih spesifik."
1923,fine_tuned_llama,1.0,1.0,1.0,4,"Respons kandidat menunjukkan empati dengan mengucapkan 'Senang bisa membantu', namun tidak secara spesifik menyentuh perasaan seeker.",4,"Nasihat 'Jaga diri sendiri dan tetap positif' cukup membantu, tetapi kurang spesifik dan tidak memberikan solusi konkret.",5,Respons kandidat tetap fokus pada topik dan tidak menyimpang dari konteks percakapan.,5,"Kalimat respons kandidat lancar dan mudah dipahami, tidak ada kesalahan tata bahasa.",5,"Respons kandidat sesuai dengan strategi yang diharapkan, yaitu memberikan penegasan dan penyemangat dengan mengucapkan 'Jaga diri sendiri dan tetap positif, oke?'"
1966,fine_tuned_llama,0.1579,0.5333,0.4667,4,"Respons kandidat menunjukkan empati dengan menyatakan 'Senang bisa membantu', namun tidak sepenuhnya menyampaikan dukungan emosional seperti respons referensi.",4,"Respons kandidat memberikan dukungan dan penyemangat, tetapi tidak menyampaikan pesan yang sangat spesifik atau bermanfaat seperti respons referensi.",5,Respons kandidat tetap fokus pada topik dan relevan dengan percakapan sebelumnya.,5,Respons kandidat lancar dan menggunakan tata bahasa yang baik.,4,"Respons kandidat sesuai dengan strategi yang diharapkan, yaitu memberikan penegasan dan penyemangat, tetapi tidak sepenuhnya menyampaikan pesan seperti respons referensi."
1981,fine_tuned_llama,0.0163,0.1667,0.1667,2,Respons kandidat kurang menunjukkan empati dan dukungan emosional secara langsung.,1,Nasihat yang diberikan tidak relevan dan tidak membantu seeker dalam mengatasi masalahnya.,3,"Respons kandidat masih terkait dengan topik percakapan, tetapi tidak secara spesifik menjawab kebutuhan seeker.",4,Tata bahasa dan kelancaran respons kandidat cukup baik.,1,"Respons kandidat tidak sesuai dengan strategi yang diharapkan, yaitu memberikan penegasan dan penyemangat."
1990,fine_tuned_llama,0.0223,0.1905,0.1905,4,"Respons kandidat menunjukkan empati dengan mengucapkan selamat, namun tidak secara langsung mengulang atau memparafrasekan pernyataan seeker tentang kesiapan menghadapi masa depan.",3,Nasihat yang diberikan cukup umum dan tidak terlalu spesifik atau relevan dengan konteks percakapan sebelumnya.,4,"Respons kandidat masih tetap fokus pada topik kesiapan menghadapi masa depan, namun tidak sepenuhnya mengikuti alur percakapan sebelumnya.",5,"Kalimat yang digunakan lancar dan mudah dipahami, tidak ada kesalahan tata bahasa yang signifikan.",2,"Respons kandidat tidak sepenuhnya mengikuti strategi yang diharapkan, yaitu mengulang atau memparafrasekan pernyataan seeker, melainkan memberikan respons yang lebih umum."
2020,fine_tuned_llama,0.1531,0.3636,0.3636,4,"Respons kandidat menunjukkan empati dengan mengulangi kalimat yang menekankan betapa pentingnya senyum seeker, namun kurang menambahkan kalimat penyemangat yang lebih spesifik seperti pada respons referensi.",4,"Nasihat untuk tidak ragu menghubungi kapan saja dibutuhkan cukup membantu, tetapi tidak secara langsung menyentuh topik pemulihan dari pertengkaran.",4,"Respons tetap fokus pada dukungan emosional, namun bisa lebih relevan jika menyentuh langsung topik pertengkaran dan pemulihan hubungan.",5,"Kalimatnya lancar dan mudah dipahami, tidak ada kesalahan tata bahasa yang mencolok.",4,"Respons kandidat cukup sesuai dengan strategi memberikan penegasan dan penyemangat, tetapi kurang menekankan aspek 'tetap semangat' seperti pada respons referensi."
2046,fine_tuned_llama,0.7525,0.9091,0.8788,4,"Respons kandidat menunjukkan empati dengan mengakui perasaan seeker dan memberikan harapan tentang cinta di masa depan, namun tidak sepenuhnya menyentuh aspek emosional seperti respons referensi.",4,"Nasihat yang diberikan relevan dan membantu, memberikan harapan tentang cinta di masa depan, namun tidak menawarkan solusi atau pandangan baru yang signifikan.",5,Respons kandidat tetap fokus pada topik pembicaraan tentang novel romantis dan cinta.,5,"Kalimat-kalimat yang digunakan lancar dan mudah dipahami, tidak ada kesalahan tata bahasa yang signifikan.",4,"Respons kandidat sesuai dengan strategi bertanya, namun pertanyaannya kurang spesifik dibandingkan respons referensi."
2050,fine_tuned_llama,1.0,1.0,1.0,5,"Respons kandidat menunjukkan empati dan dukungan emosional yang kuat dengan mengulangi kalimat yang sama dengan respons referensi, menegaskan ketersediaan untuk mendengarkan dan membantu.",5,"Nasihatnya relevan dan membantu karena memberikan jaminan bahwa supporter akan selalu ada untuk mendengarkan dan membantu, memberikan rasa aman dan dukungan bagi seeker.",5,Respons kandidat tetap fokus pada topik perpisahan dan janji untuk terus mendukung seeker di masa depan.,5,"Kalimatnya lancar dan menggunakan tata bahasa yang baik, membuat pesan lebih mudah dipahami dan lebih efektif.",5,"Respons kandidat sangat sesuai dengan strategi yang diharapkan, yaitu memberikan penegasan dan penyemangat dengan menegaskan ketersediaan untuk mendukung seeker di masa depan."
2078,fine_tuned_llama,0.0204,0.2857,0.2857,4,"Respons kandidat menunjukkan empati yang cukup dengan menggunakan kata 'semangat' dan menawarkan dukungan emosional, namun tidak secara eksplisit menyatakan pemahaman atas perasaan seeker.",4,"Nasihat untuk 'jaga diri dan tetap positif' cukup membantu, tetapi bisa lebih spesifik dan relevan dengan situasi seeker.",5,"Respons kandidat tetap fokus pada topik dan situasi seeker, tidak menyimpang ke arah lain.",5,"Kalimat respons kandidat lancar dan mudah dipahami, tidak ada kesalahan tata bahasa yang signifikan.",5,"Respons kandidat sangat sesuai dengan strategi yang diharapkan, yaitu memberikan penegasan dan penyemangat untuk meningkatkan motivasi seeker."
2129,fine_tuned_llama,0.3859,0.6377,0.5507,4,"Respons kandidat tidak secara eksplisit menunjukkan empati, tetapi memberikan informasi yang relevan dan berguna.",5,Respons kandidat sangat membantu karena memberikan informasi spesifik tentang buku 'The 7 Habits of Highly Effective People' dan menawarkan penjelasan lebih lanjut.,5,"Respons kandidat tetap fokus pada topik yang dibahas, yaitu buku 'The 7 Habits of Highly Effective People'.",5,Respons kandidat ditulis dengan lancar dan menggunakan tata bahasa yang baik.,5,"Respons kandidat sangat sesuai dengan strategi yang diharapkan, yaitu memberikan informasi tentang buku yang diminta."
2140,fine_tuned_llama,1.0,1.0,1.0,5,"Respons kandidat menunjukkan empati yang kuat dengan mengulangi kalimat yang sama dengan respons referensi, yang menekankan kekuatan dan kemampuan seeker untuk melewati kesulitan.",5,Nasihat dalam respons kandidat sangat membantu dan relevan karena mengingatkan seeker untuk merawat diri sendiri dan mencari bantuan jika diperlukan.,5,Respons kandidat tetap fokus pada topik dan tidak menyimpang dari konteks percakapan tentang dukungan emosional pasca putus cinta.,5,"Kalimat dalam respons kandidat lancar dan mudah dipahami, tidak ada kesalahan tata bahasa atau struktur kalimat yang membingungkan.",5,"Respons kandidat sangat sesuai dengan strategi yang diharapkan, yaitu memberikan penegasan dan penyemangat kepada seeker untuk melewati kesulitan."
2168,fine_tuned_llama,1.0,1.0,1.0,5,"Respons kandidat menunjukkan empati yang tinggi dengan mengulangi kalimat yang sama dengan respons referensi, yang memberikan dukungan emosional kepada seeker.",5,Nasihat dalam respons kandidat sangat membantu dan relevan karena memberikan harapan dan penyemangat untuk masa depan seeker.,5,Respons kandidat tetap fokus pada topik dan tidak menyimpang dari konteks percakapan.,5,Kalimat dalam respons kandidat lancar dan menggunakan tata bahasa yang benar.,5,"Respons kandidat sangat sesuai dengan strategi yang diharapkan, yaitu memberikan penegasan dan penyemangat kepada seeker."
2182,fine_tuned_llama,0.639,0.8,0.8,4,Respons kandidat menunjukkan empati yang cukup dengan mengungkapkan keyakinan pada kemampuan seeker dan menawarkan dukungan.,4,"Nasihatnya membantu karena memberikan motivasi dan dukungan, namun tidak secara spesifik memberikan solusi atau saran tambahan.",5,Respons tetap fokus pada topik dan mengikuti alur percakapan.,5,Kalimatnya lancar dan menggunakan tata bahasa yang benar.,5,"Respons kandidat sangat sesuai dengan strategi yang diharapkan, yaitu memberikan penegasan dan penyemangat."
2188,fine_tuned_llama,0.1565,0.4706,0.4706,4,"Respons kandidat menunjukkan empati dengan mengharapkan perbaikan kondisi emosional seeker, namun tidak sepenuhnya menyentuh aspek emosional seperti respons referensi.",4,"Nasihat untuk segera merasa lebih baik membantu, tetapi tidak menyediakan panduan spesifik seperti respons referensi.",5,Respons kandidat tetap fokus pada topik dan kondisi emosional seeker.,5,Kalimat respons kandidat lancar dan menggunakan tata bahasa yang baik.,4,"Respons kandidat memberikan penegasan dan penyemangat, namun tidak sepenuhnya mengikuti strategi yang diharapkan seperti respons referensi yang memberikan harapan untuk kabar baik di masa depan."
2227,fine_tuned_llama,0.1045,0.4615,0.3077,4,"Respons kandidat menunjukkan empati dengan mengucapkan harapan untuk esok hari yang lebih baik, namun tidak secara eksplisit menyatakan kekuatan atau kemampuan seeker seperti respons referensi.",4,"Nasihat untuk menjaga diri dan harapan untuk esok hari yang lebih baik cukup membantu, tetapi tidak menyampaikan pesan yang sangat spesifik atau tindakan yang dapat diambil seperti dalam percakapan sebelumnya.",5,"Respons kandidat tetap fokus pada topik dan kondisi emosional seeker, menawarkan dukungan dan harapan positif.",5,"Kalimatnya lancar dan menggunakan tata bahasa yang baik, mudah dipahami.",4,"Respons kandidat memberikan penegasan dan penyemangat, namun tidak sepenuhnya mengikuti strategi yang diharapkan karena kurang menekankan kekuatan atau kemampuan seeker secara eksplisit seperti dalam respons referensi."
2232,fine_tuned_llama,1.0,1.0,1.0,5,Respons kandidat menunjukkan empati yang kuat dengan mengakui upaya seeker untuk belajar dari kesalahan dan menyadari kesalahan tersebut.,5,Nasihat yang diberikan sangat membantu dan relevan karena memberikan penegasan tentang pentingnya belajar dari kesalahan dan memulai hari baru.,5,Respons kandidat tetap fokus pada topik pembicaraan tentang belajar dari kesalahan dan menjadi lebih baik.,5,"Tata bahasa dan kelancaran respons kandidat sangat baik, membuat pesan lebih mudah dipahami.",5,"Respons kandidat sangat sesuai dengan strategi yang diharapkan, yaitu memberikan penegasan dan penyemangat untuk memotivasi seeker."
2294,fine_tuned_llama,0.0235,0.1818,0.1818,4,"Respons kandidat menunjukkan dukungan emosional dengan menawarkan bantuan kapan saja, namun tidak secara langsung mengungkapkan empati seperti respons referensi.",4,"Nasihatnya membantu karena menawarkan bantuan lebih lanjut, tetapi tidak secara langsung menjawab harapan seeker.",4,"Respons kandidat tetap fokus pada topik dukungan emosional, namun tidak sepenuhnya relevan dengan harapan seeker.",5,Kalimatnya lancar dan menggunakan tata bahasa yang baik.,1,"Respons kandidat tidak mengulang atau memparafrasekan respons referensi, sehingga tidak sesuai dengan strategi yang diharapkan."
2319,fine_tuned_llama,1.0,1.0,1.0,4,"Respons kandidat menunjukkan empati dengan menggunakan kata-kata penegasan, namun kurang memberikan dukungan emosional yang spesifik.",3,Nasihat yang diberikan cukup umum dan tidak terlalu spesifik untuk membantu seeker dalam situasi tertentu.,5,Respons kandidat tetap fokus pada topik dan tidak menyimpang dari pembicaraan tentang masalah seeker.,5,"Tata bahasa dan kelancaran respons kandidat sangat baik, mudah dipahami, dan tidak ada kesalahan bahasa.",5,"Respons kandidat sangat sesuai dengan strategi yang diharapkan, yaitu memberikan penegasan dan penyemangat untuk meningkatkan motivasi seeker."
2324,fine_tuned_llama,0.9286,0.9804,0.9804,5,Respons kandidat menunjukkan empati yang kuat dengan mengingatkan seeker bahwa mereka tidak sendirian dan ada orang-orang yang peduli.,5,Nasihat untuk tidak ragu berbicara jika butuh bantuan lagi sangat membantu dan relevan dengan situasi seeker.,5,Respons tetap fokus pada topik dan tidak menyimpang dari percakapan tentang masalah pekerjaan seeker.,5,"Tata bahasa dan kelancaran respons sangat baik, mudah dipahami dan tidak ada kesalahan bahasa.",4,"Respons kandidat sangat sesuai dengan strategi memberikan penegasan dan penyemangat, namun kurang satu kata 'ya' di akhir kalimat seperti pada respons referensi."
2363,fine_tuned_llama,0.6577,0.7895,0.7895,5,Respons kandidat menunjukkan empati yang kuat dengan mengucapkan 'sama-sama' dan menawarkan dukungan emosional melalui kalimat 'aku selalu ada di sini untuk membantu'.,5,Nasihat yang diberikan sangat membantu dan relevan karena memberikan harapan positif untuk hari esok dan menawarkan bantuan jika dibutuhkan.,5,"Respons kandidat tetap fokus pada topik percakapan, yaitu memberikan dukungan emosional dan motivasi setelah putus cinta.",5,"Kalimat yang digunakan lancar, mudah dipahami, dan tidak ada kesalahan tata bahasa.",5,"Respons kandidat sangat sesuai dengan strategi yang diharapkan, yaitu memberikan penegasan dan penyemangat dengan mengucapkan 'selamat tidur dan semoga besok menjadi hari yang lebih baik untukmu'."
2376,fine_tuned_llama,0.2407,0.4516,0.3871,4,"Respons kandidat menunjukkan empati dengan menyebut seeker sebagai 'kawan yang baik', namun tidak sepenuhnya menyentuh aspek emosional seperti respons referensi.",3,"Nasihat yang diberikan tidak terlalu spesifik atau membantu dalam konteks situasi seeker, berbeda dengan respons referensi yang lebih langsung dan mendukung.",4,"Respons kandidat tetap fokus pada topik ucapan terima kasih dan dukungan, sehingga relevan dengan konteks percakapan.",5,"Kalimat yang digunakan lancar dan mudah dipahami, tidak ada kesalahan tata bahasa yang mencolok.",3,"Respons kandidat mencoba memberikan penegasan dengan menyebut seeker 'kawan yang baik', namun tidak sepenuhnya mengikuti strategi yang diharapkan seperti respons referensi yang lebih eksplisit dalam memberikan dukungan dan penegasan."
2383,fine_tuned_llama,1.0,1.0,1.0,5,"Respons kandidat menunjukkan empati yang kuat dengan mengakui kekuatan dan nilai seeker, serta memberikan dukungan emosional.",5,Nasihat yang diberikan sangat membantu dan relevan karena memberikan penegasan dan penyemangat untuk move on dan bahagia lagi.,5,"Respons kandidat tetap fokus pada topik utama, yaitu memberikan dukungan dan penyemangat untuk seeker yang baru saja putus cinta.",5,"Kalimat yang digunakan lancar dan mudah dipahami, tidak ada kesalahan tata bahasa atau ejaan.",5,"Respons kandidat sangat sesuai dengan strategi yang diharapkan, yaitu memberikan penegasan dan penyemangat untuk membantu seeker merasa lebih baik."
2393,fine_tuned_llama,0.0411,0.4138,0.2069,5,Respons kandidat menunjukkan empati yang kuat dengan mengingatkan seeker bahwa mereka tidak sendirian.,5,Nasihatnya sangat membantu karena memberikan dukungan emosional dan mengundang seeker untuk berbicara jika membutuhkan.,5,Respons tetap fokus pada topik dan kebutuhan emosional seeker.,5,"Kalimatnya lancar dan mudah dipahami, tidak ada kesalahan tata bahasa yang mencolok.",5,"Respons kandidat sangat sesuai dengan strategi yang diharapkan, yaitu memberikan penegasan dan penyemangat."
2411,fine_tuned_llama,1.0,1.0,1.0,4,"Respons kandidat menunjukkan empati yang cukup dengan mengucapkan 'Sama-sama, semangat ya!', namun kurang memberikan dukungan emosional yang lebih spesifik.",4,"Nasihatnya cukup membantu dengan memberikan semangat, namun tidak memberikan solusi atau pandangan baru yang lebih mendalam.",5,Respons kandidat tetap fokus pada topik dan mengikuti konteks percakapan.,5,Kalimatnya lancar dan menggunakan tata bahasa yang benar.,5,"Respons kandidat sangat sesuai dengan strategi yang diharapkan, yaitu memberikan penegasan dan penyemangat."
2432,fine_tuned_llama,0.5975,0.8148,0.8148,5,Respons kandidat menunjukkan empati yang tinggi dengan mengucapkan selamat malam dan mengharapkan hari esok yang lebih baik bagi seeker.,5,Nasihatnya relevan dan membantu karena memberikan harapan positif untuk masa depan.,5,Respons tetap fokus pada topik dan tidak menyimpang dari konteks percakapan.,5,Kalimatnya lancar dan menggunakan tata bahasa yang baik.,5,"Respons kandidat sesuai dengan strategi yang diharapkan, yaitu memberikan penegasan dan penyemangat."
2450,fine_tuned_llama,1.0,1.0,1.0,5,Respons kandidat menunjukkan empati yang kuat dengan mengingatkan seeker bahwa mereka ada di sana untuk mendengarkan dan membantu kapan saja dibutuhkan.,5,Nasihat yang diberikan sangat membantu dan relevan karena memberikan dukungan emosional dan mengingatkan seeker tentang pentingnya waktu untuk memproses emosi.,5,Respons kandidat tetap fokus pada topik dan kebutuhan emosional seeker.,5,"Kalimat yang digunakan lancar dan mudah dipahami, menunjukkan tata bahasa yang baik.",5,"Respons kandidat sangat sesuai dengan strategi yang diharapkan, yaitu memberikan penegasan dan penyemangat kepada seeker."
2481,fine_tuned_llama,1.0,1.0,1.0,5,"Respons kandidat menunjukkan empati yang kuat dengan mengucapkan 'semoga kamu merasa lebih baik', yang menunjukkan perhatian terhadap perasaan seeker.",5,"Nasihat yang diberikan relevan dan membantu, karena kandidat menawarkan diri untuk ada di sana jika seeker membutuhkan bantuan atau ingin ngobrol lagi.",5,"Respons kandidat tetap fokus pada topik percakapan, yaitu memberikan dukungan dan penyemangat kepada seeker yang sedang merasa sedih.",5,"Kalimat yang digunakan lancar dan mudah dipahami, tidak ada kesalahan tata bahasa yang mencolok.",5,"Respons kandidat sangat sesuai dengan strategi yang diharapkan, yaitu memberikan penegasan dan penyemangat dengan menawarkan bantuan dan dukungan emosional."
2535,fine_tuned_llama,0.6606,0.9333,0.9333,4,"Respons kandidat menunjukkan empati dengan mengucapkan selamat siang dan mengharapkan sisa hari menjadi menyenangkan, namun tidak secara spesifik menyentuh perasaan atau kekhawatiran seeker.",4,"Respons kandidat membantu dengan memberikan harapan positif untuk sisa hari, tetapi tidak menawarkan solusi atau bantuan spesifik.",5,Respons kandidat tetap fokus pada topik dan konteks percakapan sebelumnya.,5,Respons kandidat lancar dan menggunakan tata bahasa yang baik.,5,"Respons kandidat sesuai dengan strategi yang diharapkan, yaitu memberikan penegasan dan penyemangat dengan mengharapkan sisa hari menjadi menyenangkan."
2561,fine_tuned_llama,0.2321,0.4848,0.4242,4,"Respons kandidat menunjukkan empati dengan mengharapkan hari yang lebih baik bagi seeker, namun tidak secara eksplisit menyebutkan dukungan emosional.",4,"Nasihat untuk memiliki hari yang lebih baik dan hubungan yang membaik relevan, tetapi tidak memberikan solusi spesifik atau tindakan yang dapat diambil.",5,Respons kandidat tetap fokus pada topik percakapan tentang pertengkaran dengan sahabat dan harapan untuk perbaikan.,5,Kalimat respons kandidat lancar dan menggunakan tata bahasa yang baik.,5,"Respons kandidat sesuai dengan strategi yang diharapkan, yaitu memberikan penegasan dan penyemangat dengan mengharapkan hari yang lebih baik dan hubungan yang membaik."
2575,fine_tuned_llama,0.5115,0.9091,0.9091,4,"Respons kandidat menunjukkan empati dengan mengucapkan selamat tidur dan meminta istirahat nyenyak, namun tidak secara eksplisit menyampaikan dukungan emosional tambahan.",3,"Respons kandidat tidak memberikan nasihat atau bantuan tambahan selain mengucapkan selamat tidur, sehingga kurang membantu dalam konteks memperbaiki hubungan.",5,Respons kandidat tetap fokus pada topik percakapan dan memberikan penutup yang sesuai.,5,Kalimat respons kandidat lancar dan menggunakan tata bahasa yang benar.,4,"Respons kandidat sesuai dengan strategi memberikan penegasan dan penyemangat, namun bisa ditingkatkan dengan menambahkan kalimat penyemangat tambahan."
2577,fine_tuned_llama,0.1602,0.2778,0.2778,4,"Respons kandidat menunjukkan empati, tetapi tidak sepenuhnya menyampaikan dukungan emosional seperti respons referensi.",4,"Nasihat yang diberikan relevan dan membantu, tetapi tidak menawarkan dukungan lanjutan seperti respons referensi.",5,Respons kandidat tetap fokus pada topik dan memberikan saran yang relevan.,5,Tata bahasa dan kelancaran respons kandidat baik dan mudah dipahami.,4,"Respons kandidat memberikan penegasan dan penyemangat, tetapi tidak sepenuhnya mengikuti strategi yang diharapkan seperti respons referensi."
2613,fine_tuned_llama,1.0,1.0,1.0,5,"Respons kandidat menunjukkan empati yang kuat dengan mengucapkan selamat malam dan mengharapkan istirahat yang nyenyak serta kebaikan di hari esok, yang menunjukkan dukungan emosional.",5,Nasihatnya relevan dan membantu karena memberikan harapan positif untuk hari esok.,5,Respons tetap fokus pada topik dengan tidak menyimpang dari konteks percakapan tentang pertemanan dan harapan untuk memperbaiki hubungan.,5,Kalimatnya lancar dan menggunakan tata bahasa yang baik.,5,"Respons kandidat sangat sesuai dengan strategi yang diharapkan, yaitu memberikan penegasan dan penyemangat dengan mengharapkan kebaikan di hari esok."
2637,fine_tuned_llama,1.0,1.0,1.0,4,"Respons kandidat menunjukkan empati dengan mengakui kekuatan seeker dan memberikan dukungan emosional, namun tidak secara spesifik menyentuh perasaan seeker seperti pada percakapan awal.",3,"Nasihat yang diberikan cukup umum dan tidak terlalu spesifik untuk membantu seeker dalam situasi tertentu, sehingga kurang membantu dibandingkan dengan respons supporter asli yang lebih mendalam.",5,Respons kandidat tetap fokus pada topik dan tidak menyimpang dari konteks percakapan.,5,"Kalimat yang digunakan lancar dan mudah dipahami, tidak ada kesalahan tata bahasa yang mencolok.",5,"Respons kandidat sangat sesuai dengan strategi yang diharapkan, yaitu memberikan penegasan dan penyemangat kepada seeker."
2640,fine_tuned_llama,1.0,1.0,1.0,5,Respons kandidat menunjukkan empati yang kuat dengan mengucapkan semoga seeker merasa lebih baik dan menemukan jalan untuk memperbaiki hubungan.,5,Nasihatnya relevan dan membantu karena memberikan harapan dan dukungan untuk memperbaiki hubungan.,5,Respons tetap fokus pada topik yaitu memperbaiki hubungan dengan sahabat.,5,Kalimatnya lancar dan menggunakan tata bahasa yang benar.,5,Respons kandidat sesuai dengan strategi yang diharapkan yaitu memberikan penegasan dan penyemangat.
2664,fine_tuned_llama,1.0,1.0,1.0,5,"Respons kandidat menunjukkan empati yang kuat dengan mengucapkan selamat malam dan mengharapkan malam yang tenang serta esok hari yang lebih cerah, sehingga memberikan dukungan emosional.",5,Nasihatnya relevan dan membantu karena memberikan harapan positif untuk masa depan.,5,Respons tetap fokus pada topik dengan tidak menyimpang dari konteks percakapan.,5,Kalimatnya lancar dan menggunakan tata bahasa yang baik.,5,"Respons kandidat sangat sesuai dengan strategi yang diharapkan, yaitu memberikan penegasan dan penyemangat."
2669,fine_tuned_llama,1.0,1.0,1.0,2,Respons kandidat kurang menunjukkan empati secara spesifik karena hanya mengulangi kalimat yang sudah ada tanpa memberikan sentuhan pribadi.,2,"Nasihatnya kurang membantu karena tidak memberikan pandangan atau solusi baru, hanya mengulangi pernyataan yang sudah ada.",4,"Respons tetap fokus pada topik tentang menghadapi hari-hari yang berat, sehingga relevan dengan percakapan.",5,"Kalimatnya lancar dan menggunakan tata bahasa yang benar, membuatnya mudah dipahami.",1,"Respons kandidat tidak sesuai dengan strategi yang diharapkan, yaitu berbagi pengalaman pribadi, karena hanya mengulangi respons referensi tanpa menambahkan pengalaman pribadi."
2685,fine_tuned_llama,0.8554,0.878,0.878,4,"Respons kandidat menunjukkan empati yang baik dengan menyatakan bahwa membantu orang lain membuatnya bahagia, namun tidak secara eksplisit menyampaikan dukungan emosional kepada seeker.",4,"Nasihat yang diberikan relevan dan membantu, karena kandidat menyampaikan hal yang membuatnya bahagia dan itu bisa menjadi inspirasi bagi seeker.",5,"Respons kandidat tetap fokus pada topik yang dibicarakan, yaitu tentang kebahagiaan dan membantu orang lain.",5,"Kalimat yang digunakan lancar dan mudah dipahami, tidak ada kesalahan tata bahasa yang signifikan.",5,"Respons kandidat sangat sesuai dengan strategi yang diharapkan, yaitu berbagi pengalaman pribadi tentang apa yang membuatnya bahagia."
2704,fine_tuned_llama,1.0,1.0,1.0,5,"Respons kandidat menunjukkan empati yang kuat dengan mengulangi kalimat yang sama dengan respons referensi, yang menegaskan kekuatan dan kemampuan seeker untuk melewati situasi sulit.",5,Nasihat dalam respons kandidat sangat membantu dan relevan karena memberikan dukungan emosional dan motivasi kepada seeker.,5,Respons kandidat tetap fokus pada topik dan tidak menyimpang dari konteks percakapan.,5,Kalimat dalam respons kandidat lancar dan menggunakan tata bahasa yang tepat.,5,"Respons kandidat sangat sesuai dengan strategi yang diharapkan, yaitu memberikan penegasan dan penyemangat kepada seeker."
2740,fine_tuned_llama,0.3814,0.7027,0.6486,4,"Respons kandidat menunjukkan empati dengan mengingatkan untuk merawat diri sendiri, namun kurang spesifik dalam menyampaikan dukungan emosional dibandingkan respons referensi.",4,"Nasihat untuk merawat diri sendiri cukup membantu, tetapi bisa lebih spesifik dan detail seperti dalam respons referensi.",5,Respons kandidat tetap fokus pada topik tentang pemulihan setelah putus cinta dan memberikan dukungan.,5,"Kalimat respons kandidat lancar dan mudah dipahami, tidak ada kesalahan tata bahasa yang mencolok.",4,"Respons kandidat memberikan penegasan dan penyemangat, namun kurang menyampaikan pesan untuk bersabar seperti dalam strategi yang diharapkan."
2786,fine_tuned_llama,1.0,1.0,1.0,5,"Respons kandidat menunjukkan empati yang kuat dengan mengulangi kalimat yang sama dengan supporter asli, menunjukkan dukungan emosional yang konsisten.",5,Nasihatnya sangat membantu dan relevan karena memperkuat dukungan yang telah diberikan sebelumnya.,5,Respons tetap fokus pada topik dan tidak menyimpang dari konteks percakapan.,5,"Kalimatnya lancar dan menggunakan tata bahasa yang tepat, membuatnya mudah dipahami.",5,"Respons kandidat sangat sesuai dengan strategi yang diharapkan, yaitu memberikan penegasan dan penyemangat dengan mengulangi kalimat yang sama dengan supporter asli."
2853,fine_tuned_llama,1.0,1.0,1.0,5,"Respons kandidat menunjukkan empati yang tinggi dengan mengulangi kalimat yang sama dengan respons referensi, yang menunjukkan dukungan emosional.",5,Nasihatnya relevan dan membantu karena memberikan harapan dan dukungan untuk masa depan seeker.,5,Respons kandidat tetap fokus pada topik dan tidak menyimpang dari percakapan.,5,Kalimatnya lancar dan menggunakan tata bahasa yang benar.,5,"Respons kandidat sesuai dengan strategi yang diharapkan, yaitu memberikan penegasan dan penyemangat."
2863,fine_tuned_llama,0.018,0.1714,0.1143,5,Respons kandidat menunjukkan empati yang kuat dengan mengungkapkan kegembiraan atas perasaan lega seeker dan menawarkan dukungan emosional lebih lanjut.,5,Nasihat yang diberikan sangat membantu dan relevan karena menawarkan bantuan dan pendengaran jika seeker membutuhkannya lagi.,5,Respons kandidat tetap fokus pada topik percakapan tentang perasaan sedih seeker dan upaya memperbaiki hubungan.,5,"Kalimat yang digunakan lancar dan mudah dipahami, menunjukkan tata bahasa yang baik.",5,"Respons kandidat sangat sesuai dengan strategi yang diharapkan, yaitu memberikan penegasan dan penyemangat dengan menawarkan dukungan dan bantuan lebih lanjut."
2868,fine_tuned_llama,0.8912,0.9362,0.9362,5,Respons kandidat menunjukkan empati yang tinggi dengan mengucapkan terima kasih dan memberikan harapan positif untuk besok.,5,Nasihatnya relevan dan membantu karena memberikan dukungan emosional dan motivasi.,5,Respons tetap fokus pada topik dan tidak menyimpang dari konteks percakapan.,5,Kalimatnya lancar dan menggunakan tata bahasa yang benar.,5,Respons kandidat sesuai dengan strategi yang diharapkan yaitu memberikan penegasan dan penyemangat.
2875,fine_tuned_llama,1.0,1.0,1.0,5,"Respons kandidat menunjukkan empati yang tinggi dengan mengucapkan selamat malam dan mengingatkan seeker untuk istirahat, serta menawarkan dukungan emosional dengan menyatakan ketersediaan untuk dihubungi kapan saja.",5,Nasihat untuk istirahat dan tidak ragu menghubungi kapan pun dibutuhkan sangat membantu dan relevan dengan keadaan seeker.,5,"Respons tetap fokus pada topik dan kebutuhan emosional seeker, tidak menyimpang dari konteks percakapan.",5,"Kalimatnya lancar, mudah dipahami, dan tidak ada kesalahan tata bahasa yang mencolok.",5,"Respons kandidat sangat sesuai dengan strategi yang diharapkan, yaitu memberikan penegasan dan penyemangat dengan cara yang lembut dan mendukung."
2897,fine_tuned_llama,1.0,1.0,1.0,4,"Respons kandidat menunjukkan empati dengan mengucapkan selamat siang dan mengharapkan sisa hari yang lebih baik, namun tidak secara eksplisit menyampaikan dukungan emosional yang mendalam.",4,"Nasihat yang diberikan relevan dan membantu, tetapi tidak memberikan solusi atau pandangan baru yang signifikan.",5,Respons kandidat tetap fokus pada topik dan mengikuti konteks percakapan.,5,Kalimat yang digunakan lancar dan memiliki tata bahasa yang baik.,5,"Respons kandidat sesuai dengan strategi yang diharapkan, yaitu memberikan penegasan dan penyemangat dengan mengharapkan sisa hari yang lebih baik."
2899,fine_tuned_llama,0.0565,0.4375,0.25,4,"Respons kandidat menunjukkan empati yang cukup dengan mengucapkan 'senang bisa membantu', namun tidak sepenuhnya menyampaikan dukungan emosional seperti pada respons referensi.",4,"Nasihat untuk tidak ragu curhat lagi jika butuh bantuan cukup membantu, tetapi tidak menyampaikan harapan atau doa untuk keberhasilan seperti pada respons referensi.",5,Respons kandidat tetap fokus pada topik dan tidak menyimpang dari konteks percakapan.,5,"Kalimat-kalimat yang disampaikan lancar dan mudah dipahami, tidak ada kesalahan tata bahasa yang signifikan.",5,"Respons kandidat sesuai dengan strategi yang diharapkan, yaitu memberikan penegasan dan penyemangat dengan mengucapkan 'semangat, ya!'"
2959,fine_tuned_llama,0.1153,0.5926,0.5185,4,"Respons kandidat menunjukkan empati dan dukungan emosional, tetapi tidak sepenuhnya menyampaikan kebahagiaan seperti respons referensi.",4,"Nasihatnya membantu dan relevan, tetapi tidak menambahkan sesuatu yang baru atau lebih spesifik untuk membantu seeker.",5,Respons kandidat tetap fokus pada topik dan tidak menyimpang dari percakapan.,5,Tata bahasa dan kelancaran respons kandidat baik dan mudah dipahami.,4,"Respons kandidat sesuai dengan strategi yang diharapkan, memberikan penegasan dan penyemangat, tetapi tidak sepenuhnya menyampaikan kebahagiaan seperti respons referensi."
3071,fine_tuned_llama,0.564,0.75,0.7,4,"Respons kandidat menunjukkan empati dan dukungan emosional, tetapi tidak sepenuhnya sama dengan respons referensi yang menggunakan kata 'aku juga' untuk meningkatkan kesan empati.",4,"Nasihat yang diberikan relevan dan membantu, tetapi tidak menawarkan solusi atau pandangan baru yang signifikan.",5,Respons kandidat tetap fokus pada topik dan mengikuti alur percakapan dengan baik.,5,"Tata bahasa dan kelancaran respons kandidat sangat baik, mudah dipahami dan tidak ada kesalahan.",4,"Respons kandidat sesuai dengan strategi yang diharapkan, yaitu memberikan penegasan dan penyemangat, tetapi bisa lebih kuat dengan menambahkan kata-kata yang lebih persuasif seperti 'aku juga'."
3088,fine_tuned_llama,1.0,1.0,1.0,5,Respons kandidat menunjukkan empati yang kuat dengan mengingatkan seeker bahwa mereka tidak sendirian.,5,Nasihatnya sangat membantu dan relevan karena memberikan dukungan emosional dan mengundang seeker untuk menghubungi jika membutuhkan.,5,Respons tetap fokus pada topik dan kebutuhan emosional seeker.,5,Kalimatnya lancar dan menggunakan tata bahasa yang tepat.,5,"Respons kandidat sangat sesuai dengan strategi yang diharapkan, yaitu memberikan penegasan dan penyemangat."
3131,fine_tuned_llama,1.0,1.0,1.0,5,"Respons kandidat menunjukkan empati yang tinggi dengan mengucapkan kalimat yang sama dengan respons referensi, sehingga menunjukkan dukungan emosional yang kuat.",5,Nasihat yang diberikan relevan dan membantu karena memberikan harapan positif untuk hari yang lebih baik.,5,Respons kandidat tetap fokus pada topik dan tidak menyimpang dari konteks percakapan.,5,Kalimat yang digunakan lancar dan memiliki tata bahasa yang baik.,5,"Respons kandidat sangat sesuai dengan strategi yang diharapkan, yaitu memberikan penegasan dan penyemangat dengan mengucapkan kalimat yang sama dengan respons referensi."
3158,fine_tuned_llama,0.1553,0.3333,0.3333,4,"Respons kandidat menunjukkan empati dengan mengucapkan harapan baik untuk sisa hari seeker, namun tidak secara eksplisit menyampaikan dukungan emosional seperti pada respons referensi.",4,"Respons kandidat membantu dengan memberikan harapan positif, tetapi tidak menyampaikan nasihat atau bantuan spesifik seperti pada percakapan sebelumnya.",5,Respons kandidat tetap fokus pada topik dengan mengakhiri percakapan secara positif dan relevan.,5,Respons kandidat lancar dan menggunakan tata bahasa yang baik.,5,"Respons kandidat sesuai dengan strategi yang diharapkan, yaitu memberikan penegasan dan penyemangat dengan mengucapkan harapan baik untuk sisa hari seeker."
3168,fine_tuned_llama,1.0,1.0,1.0,5,Respons kandidat menunjukkan empati yang tinggi dengan mengucapkan 'sama-sama' yang menandakan bahwa supporter memahami perasaan seeker.,5,"Nasihat 'jaga diri dan semangat, ya!' sangat membantu dan relevan karena memberikan motivasi kepada seeker untuk melanjutkan hidup dengan semangat.",5,Respons kandidat tetap fokus pada topik dan tidak menyimpang dari pembicaraan tentang pertengkaran dengan sahabat.,5,"Kalimat 'sama-sama, jaga diri dan semangat, ya!' memiliki struktur bahasa yang baik dan mudah dipahami.",5,"Respons kandidat sangat sesuai dengan strategi yang diharapkan, yaitu memberikan penegasan dan penyemangat kepada seeker."
3204,fine_tuned_llama,1.0,1.0,1.0,4,"Respons kandidat menunjukkan empati dengan mengakui ide seeker sebagai 'ide yang bagus', namun tidak secara eksplisit menyampaikan dukungan emosional yang mendalam.",4,"Nasihat yang diberikan relevan dan membantu, memberikan penekanan pada manfaat tidur yang cukup untuk kesiapan menghadapi hari esok.",5,"Respons kandidat tetap fokus pada topik yang dibahas, yaitu tentang rencana seeker untuk tidur lebih awal.",5,"Kalimat yang digunakan lancar dan mudah dipahami, tidak ada kesalahan tata bahasa yang mencolok.",5,"Respons kandidat sesuai dengan strategi yang diharapkan, yaitu memberikan penegasan dan penyemangat dengan mengatakan 'itu ide yang bagus' dan menjelaskan manfaatnya."
3246,fine_tuned_llama,1.0,1.0,1.0,5,"Respons kandidat menunjukkan empati yang kuat dengan mengucapkan 'Sama-sama, aku senang bisa membantu', yang menunjukkan bahwa supporter peduli dengan perasaan seeker.",5,Respons kandidat sangat membantu karena memberikan dukungan emosional dan mengundang seeker untuk menghubungi jika membutuhkan bantuan lagi.,5,Respons kandidat tetap fokus pada topik dan tidak menyimpang dari percakapan sebelumnya.,5,"Respons kandidat memiliki kelancaran dan tata bahasa yang baik, mudah dipahami, dan tidak ada kesalahan bahasa.",5,"Respons kandidat sangat sesuai dengan strategi yang diharapkan, yaitu memberikan penegasan dan penyemangat dengan mengucapkan 'Jika kamu butuh lagi, jangan ragu untuk menghubungi aku, ya'."
3255,fine_tuned_llama,0.131,0.2857,0.2857,4,"Respons kandidat menunjukkan empati yang cukup dengan mengucapkan salam perpisahan dan memberikan pesan perawatan diri, namun tidak secara eksplisit menyampaikan dukungan emosional seperti pada respons referensi.",4,"Nasihat untuk 'jagalah dirimu' dapat dianggap membantu dalam konteks perawatan diri, tetapi tidak secara langsung membantu mengatasi masalah emosional yang dialami seeker.",5,"Respons kandidat tetap fokus pada topik perpisahan dan perawatan diri, sehingga relevan dengan konteks percakapan.",5,"Kalimat 'bye, jagalah dirimu' lancar dan menggunakan tata bahasa yang benar, sehingga mudah dipahami.",5,"Respons kandidat sesuai dengan strategi yang diharapkan karena memberikan penegasan dan penyemangat melalui pesan perawatan diri, walaupun tidak secara eksplisit menyampaikan dukungan emosional."
3266,fine_tuned_llama,0.0954,0.5854,0.3902,4,"Respons kandidat menunjukkan empati yang baik dengan mengucapkan 'senang bisa membantu', namun tidak secara eksplisit menyatakan kebahagiaan seperti respons referensi.",5,Nasihat untuk 'merawat dirimu sendiri' sangat membantu dan relevan dalam situasi emosional seeker.,5,Respons kandidat tetap fokus pada topik dan kebutuhan emosional seeker.,5,Kalimat respons kandidat lancar dan mudah dipahami.,5,Respons kandidat sesuai dengan strategi yang diharapkan karena memberikan penegasan dan penyemangat dengan mengundang seeker untuk berbicara lagi jika dibutuhkan dan merawat diri sendiri.
3267,fine_tuned_llama,0.0211,0.2143,0.1429,4,"Respons kandidat menunjukkan empati yang cukup dengan mengingatkan seeker bahwa mereka kuat dan bisa melewati kesulitan, namun tidak secara eksplisit menyatakan pemahaman atas perasaan seeker.",4,"Nasihat untuk menghubungi kapan saja dan penegasan bahwa seeker kuat memberikan dukungan yang cukup, namun tidak menyediakan solusi atau panduan spesifik seperti pada respons referensi.",5,"Respons kandidat tetap fokus pada topik dukungan dan penyemangatan, relevan dengan kebutuhan seeker.",5,"Kalimatnya lancar dan mudah dipahami, tidak ada kesalahan tata bahasa yang mencolok.",5,"Respons kandidat sangat sesuai dengan strategi yang diharapkan, yaitu memberikan penegasan dan penyemangat dengan mengingatkan seeker tentang kekuatan mereka."
3315,fine_tuned_llama,1.0,1.0,1.0,5,"Respons kandidat menunjukkan empati yang tinggi dengan mengulangi kalimat yang sama dengan respons referensi, menunjukkan dukungan emosional yang kuat.",5,"Nasihat yang diberikan sangat membantu dan relevan dengan situasi seeker, memberikan penegasan dan penyemangat.",5,Respons kandidat tetap fokus pada topik dan tidak menyimpang dari percakapan.,5,"Kalimat yang digunakan lancar dan mudah dipahami, tidak ada kesalahan tata bahasa.",5,"Respons kandidat sangat sesuai dengan strategi yang diharapkan, yaitu memberikan penegasan dan penyemangat."
3321,fine_tuned_llama,0.636,0.7246,0.7246,5,Respons kandidat menunjukkan empati yang baik dengan mengakui bahwa kesepian bisa sangat berat.,5,"Nasihat yang diberikan relevan dan membantu, memberikan alternatif untuk mengatasi kesepian.",5,Respons tetap fokus pada topik kesepian dan memberikan solusi yang terkait.,5,Kalimat-kalimat yang digunakan lancar dan mudah dipahami.,4,"Meskipun respons kandidat bertanya, namun tidak sepenuhnya mengikuti strategi bertanya yang diharapkan karena lebih kepada memberikan solusi daripada menggali informasi lebih dalam tentang kesepian yang dialami."
3334,fine_tuned_llama,0.2559,0.5263,0.4737,5,"Respons kandidat menunjukkan empati yang kuat dengan menawarkan bantuan dan tempat untuk curhat, membuat seeker merasa didukung.",5,Nasihatnya sangat membantu karena mendorong seeker untuk tidak ragu berbagi atau bertanya jika membutuhkan bantuan lagi.,5,"Respons tetap fokus pada topik dan kebutuhan seeker, tidak menyimpang dari konteks percakapan.",5,"Kalimatnya lancar, mudah dipahami, dan tidak ada kesalahan tata bahasa yang mencolok.",5,"Respons kandidat sangat sesuai dengan strategi yang diharapkan, yaitu memberikan penegasan dan penyemangat untuk mendorong seeker."
3338,fine_tuned_llama,1.0,1.0,1.0,4,"Respons kandidat menunjukkan empati dengan mengakui bahwa masa depan memang bisa membuat banyak orang merasa bingung, namun tidak secara eksplisit menyampaikan dukungan emosional.",4,"Respons kandidat membantu dengan mengajukan pertanyaan yang relevan untuk memahami kebingungan seeker tentang masa depan, namun tidak menyediakan nasihat atau solusi langsung.",5,"Respons kandidat tetap fokus pada topik yang dibahas, yaitu kebingungan tentang masa depan.",5,Respons kandidat ditulis dengan lancar dan tata bahasa yang baik.,5,"Respons kandidat sesuai dengan strategi yang diharapkan, yaitu bertanya untuk memahami lebih lanjut tentang kebingungan seeker."
3352,fine_tuned_llama,0.2977,0.5556,0.5556,4,"Respons kandidat menunjukkan empati dengan mengucapkan selamat malam dan mengharapkan istirahat yang nyenyak, namun kurang menyampaikan dukungan emosional secara eksplisit seperti respons referensi.",3,"Respons kandidat tidak secara langsung memberikan nasihat atau bantuan yang relevan untuk mengatasi masalah seeker, hanya mengucapkan selamat malam.",5,Respons kandidat tetap fokus pada topik dengan menjawab ucapan selamat malam dari seeker.,5,Respons kandidat lancar dan menggunakan tata bahasa yang baik.,3,Respons kandidat tidak sepenuhnya mengikuti strategi yang diharapkan karena kurang memberikan penegasan dan penyemangat seperti respons referensi.
3371,fine_tuned_llama,0.0802,0.4167,0.4167,4,"Respons kandidat menunjukkan empati dengan mengucapkan semoga hari-harimu menjadi lebih baik, namun tidak sepenuhnya menyentuh perasaan seeker secara spesifik.",3,Nasihatnya tidak terlalu membantu karena hanya mengulangi harapan umum tanpa memberikan solusi atau panduan lebih lanjut.,4,Respons tetap fokus pada topik percakapan tentang dukungan emosional dan harapan untuk masa depan yang lebih baik.,5,Kalimatnya lancar dan menggunakan tata bahasa yang benar.,4,"Respons kandidat sesuai dengan strategi memberikan penegasan dan penyemangat, namun bisa ditingkatkan dengan menyentuh aspek emosional seeker lebih dalam."
3400,fine_tuned_llama,1.0,1.0,1.0,5,"Respons kandidat menunjukkan empati yang kuat dengan mengucapkan selamat malam dan mengharapkan istirahat yang nyenyak serta memohon agar besok menjadi hari yang lebih baik, sehingga memberikan dukungan emosional.",5,Nasihatnya relevan dan membantu karena memberikan harapan positif untuk hari esok.,5,Respons tetap fokus pada topik dengan tidak menyimpang dari konteks percakapan.,5,Kalimatnya lancar dan menggunakan tata bahasa yang tepat.,5,"Respons kandidat sesuai dengan strategi yang diharapkan, yaitu memberikan penegasan dan penyemangat dengan mengharapkan hari esok menjadi lebih baik."
3456,fine_tuned_llama,0.2609,0.5,0.5,4,"Respons kandidat menunjukkan empati dengan mengucapkan 'sama-sama' dan 'take care ya!', namun kurang menyampaikan dukungan emosional yang lebih spesifik seperti pada respons referensi.",4,"Nasihat 'take care ya!' cukup membantu dan relevan, tetapi tidak menyampaikan harapan atau penyemangat yang lebih spesifik untuk masa depan seeker seperti pada respons referensi.",5,Respons kandidat tetap fokus pada topik dan tidak menyimpang dari konteks percakapan.,5,Kalimat respons kandidat lancar dan menggunakan tata bahasa yang benar.,4,"Respons kandidat sesuai dengan strategi yang diharapkan untuk memberikan penegasan dan penyemangat, tetapi bisa ditingkatkan dengan menyampaikan pesan yang lebih spesifik dan mendukung."
3457,fine_tuned_llama,0.5827,0.7273,0.7273,4,"Respons kandidat menunjukkan empati dengan mengucapkan selamat malam dan mengharapkan malam yang tenang dan damai, namun tidak secara eksplisit menyampaikan dukungan emosional seperti pada respons referensi.",4,"Nasihat pada respons kandidat cukup membantu dengan mengharapkan malam yang tenang dan damai, tetapi tidak menawarkan solusi atau pandangan baru seperti pada respons referensi.",5,Respons kandidat tetap fokus pada topik dengan menjawab ucapan selamat malam dan mengharapkan kebaikan untuk seeker.,5,"Tata bahasa dan kelancaran respons kandidat sangat baik, mudah dipahami, dan tidak ada kesalahan bahasa.",4,"Respons kandidat cukup sesuai dengan strategi yang diharapkan karena memberikan penegasan dan penyemangat, namun tidak sepenuhnya seperti pada respons referensi yang lebih menyampaikan harapan untuk esok hari."
3509,fine_tuned_llama,0.3508,0.7368,0.7368,5,Respons kandidat menunjukkan empati yang tinggi dengan mengucapkan selamat tidur dan memberikan harapan untuk hari esok yang lebih baik.,5,Nasihatnya relevan dan membantu karena memberikan dukungan emosional dan motivasi.,5,Respons tetap fokus pada topik dan situasi emosional seeker.,5,Kalimatnya lancar dan menggunakan tata bahasa yang benar.,5,"Respons kandidat sesuai dengan strategi yang diharapkan, yaitu memberikan penegasan dan penyemangat."
3580,fine_tuned_llama,0.0539,0.3846,0.3846,4,"Respons kandidat menunjukkan empati dengan menawarkan bantuan jika dibutuhkan lagi, namun tidak secara eksplisit menyampaikan dukungan emosional seperti respons referensi.",4,Nasihatnya membantu dan relevan karena mendorong seeker untuk tidak ragu menghubungi jika butuh bantuan lagi.,5,Respons kandidat tetap fokus pada topik dan situasi seeker.,5,Kalimatnya lancar dan menggunakan tata bahasa yang baik.,4,"Respons kandidat sesuai dengan strategi memberikan penegasan dan penyemangat, namun tidak sepenuhnya seperti respons referensi yang menekankan untuk 'jaga dirimu baik-baik'."
3584,fine_tuned_llama,0.8282,0.9375,0.9375,5,Respons kandidat menunjukkan empati yang kuat dengan mengungkapkan kegembiraan atas perasaan seeker yang membaik.,5,Nasihat untuk tidak ragu menghubungi jika membutuhkan seseorang untuk berbicara sangat membantu dan relevan.,5,Respons tetap fokus pada topik dan mempertahankan konteks percakapan.,5,Kalimat respons kandidat lancar dan menggunakan tata bahasa yang tepat.,5,"Respons kandidat sangat sesuai dengan strategi yang diharapkan, yaitu memberikan penegasan dan penyemangat."
3613,fine_tuned_llama,1.0,1.0,1.0,4,"Respons kandidat menunjukkan empati dengan mengucapkan selamat siang dan mengharapkan sisa hari yang menyenangkan, namun tidak secara spesifik menyentuh perasaan sedih seeker.",3,"Respons kandidat tidak secara langsung memberikan nasihat atau bantuan yang signifikan, tetapi masih memberikan harapan positif.",5,Respons kandidat tetap fokus pada topik dan konteks percakapan sebelumnya.,5,Kalimat respons kandidat lancar dan menggunakan tata bahasa yang benar.,5,"Respons kandidat sesuai dengan strategi yang diharapkan, yaitu memberikan penegasan dan penyemangat dengan mengharapkan sisa hari yang menyenangkan."
3643,fine_tuned_llama,0.9426,0.9412,0.9412,5,Respons kandidat menunjukkan empati yang kuat dengan mengakui pentingnya istirahat dan kesehatan.,5,Nasihat untuk menjaga kesehatan dan istirahat cukup sangat relevan dan membantu.,5,Respons tetap fokus pada topik kesehatan dan istirahat setelah lelah.,5,Kalimat respons kandidat lancar dan menggunakan tata bahasa yang benar.,5,"Respons kandidat sangat sesuai dengan strategi yang diharapkan, yaitu memberikan penegasan dan penyemangat."
3667,fine_tuned_llama,1.0,1.0,1.0,5,"Respons kandidat menunjukkan empati yang kuat dengan mengulangi kalimat yang sama dengan respons referensi, menekankan bahwa seeker tidak sendiri dan ada orang yang peduli.",5,"Nasihatnya sangat membantu dan relevan karena mendorong seeker untuk tidak ragu berbicara kapan pun butuh, memberikan dukungan emosional yang kuat.",5,"Respons kandidat tetap fokus pada topik, yaitu memberikan dukungan dan penegasan kepada seeker yang sedang mengalami kesulitan emosional.",5,"Kalimatnya lancar dan menggunakan tata bahasa yang baik, membuat pesan lebih mudah dipahami dan memberikan kenyamanan bagi seeker.",5,"Respons kandidat sangat sesuai dengan strategi yang diharapkan, yaitu memberikan penegasan dan penyemangat, sehingga seeker merasa didukung dan tidak sendiri."
3675,fine_tuned_llama,0.0223,0.0909,0.0909,4,"Respons kandidat menunjukkan empati dengan mengungkapkan harapan untuk kabar yang lebih baik, namun tidak secara eksplisit menyampaikan dukungan emosional seperti pada respons referensi.",4,"Nasihatnya relevan dan memberikan harapan positif, tetapi tidak menyampaikan pesan yang sangat spesifik atau solusi baru seperti pada bagian awal percakapan.",5,Respons kandidat tetap fokus pada topik dan mengikuti alur percakapan yang telah dibangun.,5,Kalimatnya lancar dan menggunakan tata bahasa yang baik.,4,"Respons kandidat memberikan penegasan dan penyemangat dengan mengungkapkan harapan untuk kabar yang lebih baik, namun tidak sepenuhnya mengikuti strategi yang diharapkan seperti pada respons referensi yang menekankan kesiapan untuk membantu lebih lanjut."
3745,fine_tuned_llama,0.6873,0.8421,0.8421,4,"Respons kandidat menunjukkan empati dengan mengucapkan harapan untuk hari yang lebih cerah, namun kurang spesifik dibandingkan respons referensi.",4,"Nasihatnya membantu dan relevan, memberikan harapan positif untuk masa depan.",5,Respons tetap fokus pada topik dan situasi emosional seeker.,5,Kalimatnya lancar dan menggunakan tata bahasa yang baik.,4,"Respons kandidat sesuai dengan strategi memberikan penegasan dan penyemangat, namun bisa lebih kuat dengan penambahan kata-kata seperti 'dari hari ini' untuk meningkatkan dampak emosional."
3750,fine_tuned_llama,0.0207,0.0833,0.0833,5,Respons kandidat menunjukkan empati yang kuat dengan mengatakan 'kita adalah teman' yang memberikan perasaan dukungan emosional.,5,Nasihatnya relevan dan membantu karena menekankan tentang keberadaan supporter sebagai teman yang selalu ada untuk membantu.,5,Respons tetap fokus pada topik dukungan emosional dan persahabatan.,5,Kalimatnya lancar dan menggunakan tata bahasa yang tepat.,5,Respons kandidat sangat sesuai dengan strategi yang diharapkan karena memberikan penegasan dan penyemangat melalui penekanan pada persahabatan dan dukungan yang selalu ada.
3759,fine_tuned_llama,0.0761,0.4444,0.4444,4,"Respons kandidat menunjukkan empati dengan mengucapkan 'sama-sama' dan memberikan harapan positif, namun tidak secara spesifik menyampaikan dukungan emosional seperti respons referensi.",3,"Nasihatnya cukup membantu dengan memberikan harapan positif, tetapi tidak menyampaikan pesan yang sangat spesifik atau tindakan lanjut seperti respons referensi.",4,"Respons kandidat tetap fokus pada topik dengan memberikan ucapan terima kasih dan harapan positif, sehingga relevan dengan konteks percakapan.",5,"Kalimatnya lancar dan menggunakan tata bahasa yang benar, sehingga mudah dipahami.",3,"Respons kandidat memberikan penegasan dan penyemangat, tetapi tidak sepenuhnya mengikuti strategi yang diharapkan karena kurangnya penekanan pada ketersediaan untuk mendukung atau menghubungi kembali seperti respons referensi."
3765,fine_tuned_llama,0.1947,0.4912,0.4211,4,"Respons kandidat menunjukkan empati dengan mengakui bahwa pertengkaran bisa membuat hubungan berubah, namun bisa saja tidak selalu buruk.",5,Nasihat yang diberikan relevan dan membantu karena memberikan perspektif positif tentang kemungkinan hubungan yang lebih kuat di masa depan.,5,"Respons tetap fokus pada topik tentang hubungan dan pertengkaran, menjadikannya relevan dengan percakapan.",5,"Kalimatnya lancar dan mudah dipahami, menunjukkan tata bahasa yang baik.",5,"Respons kandidat sesuai dengan strategi yang diharapkan, yaitu memberikan saran dan pandangan positif tentang situasi."
3783,fine_tuned_llama,0.6066,0.8,0.8,4,"Respons kandidat menunjukkan empati dan dukungan emosional dengan mengucapkan terima kasih dan mengundang seeker untuk berbicara jika butuh bantuan, namun tidak secara eksplisit menyampaikan pesan penyemangat seperti respons referensi.",4,"Nasihat yang diberikan relevan dan membantu, tetapi tidak menambahkan informasi atau pandangan baru dibandingkan dengan respons referensi.",5,Respons kandidat tetap fokus pada topik dan mengikuti alur percakapan dengan baik.,5,"Tata bahasa dan kelancaran respons kandidat baik, mudah dipahami, dan tidak ada kesalahan berbahasa.",4,"Respons kandidat sesuai dengan strategi yang diharapkan untuk memberikan penegasan dan penyemangat, namun bisa ditingkatkan dengan menambahkan kalimat yang lebih spesifik untuk memotivasi seeker."
3785,fine_tuned_llama,1.0,1.0,1.0,5,Respons kandidat menunjukkan empati yang tinggi dengan mengucapkan selamat malam dan mengharapkan istirahat yang nyenyak serta membawa harapan baru bagi seeker dan sahabatnya.,5,Nasihatnya relevan dan membantu karena memberikan harapan positif untuk masa depan hubungan seeker dengan sahabatnya.,5,Respons kandidat tetap fokus pada topik percakapan tentang memperbaiki hubungan dengan sahabat.,5,Kalimatnya lancar dan menggunakan tata bahasa yang baik.,5,"Respons kandidat sesuai dengan strategi yang diharapkan, yaitu memberikan penegasan dan penyemangat kepada seeker."
3787,fine_tuned_llama,0.4512,0.6857,0.6286,4,"Respons kandidat menunjukkan empati dengan mengucapkan 'Sama-sama! Aku senang bisa membantu', namun tidak secara eksplisit menyampaikan dukungan emosional seperti respons referensi.",4,"Respons kandidat membantu dengan mengundang seeker untuk berbicara lagi jika dibutuhkan, namun tidak menawarkan saran tambahan seperti respons referensi.",5,Respons kandidat tetap fokus pada topik dan mengikuti alur percakapan.,5,Respons kandidat lancar dan menggunakan tata bahasa yang baik.,4,"Respons kandidat sesuai dengan strategi memberikan penegasan dan penyemangat, namun tidak sepenuhnya mengikuti contoh respons referensi."
